HORIZONTE,ID_PONTO,FONTE,ORDEM,SUBORDEM,GRDE_GRUPO,SUBGRUPO,TEXTURA,SAT_ALUM,FSE_EROSAO,FSE_PEDREG,FSE_ROCHOS,FSE_VEGE,FSE_RELEVO,LOCALIZ,SITU_DECLI,LITOLOGIA,MAT_ORIGIN,PEDREGOSID,ROCHOSID,RELEVO,RELEVO_REG,EROSAO,DRENAGEM,VEGE_PRIM,USO,HORIZONTES,TIPO_PTO,Latitude,Longitude,POINT_X,POINT_Y
A moderado,SD22VB/P.6,SEPLAN-MT/CNEC,,,,,m??dia sem cascalho / m??dia sem cascalho,,,,,,,A 120 km da Rodovia Br-153  em dire?º?úo a Para?¡so,"Ter?ºo m??dio de eleva?º?úo, com 10% de declividade","Sedimentos argilo-arenosos amarelados, caolin?¡ticos, al??ctones e aut??ctones. Cobertura Detrito-Later?¡tica Neopleistoc?¬nica. Quatern?írio Pleistoc?¬nico.",Sedimentos.,,,ondulado,ondulado,,bem drenado,Floresta Estacional Semidecidual Submontana Dossel emergente,,A - AB - BA - Bw,P,-12:35:24,-51:43:01,-51.71706138250,-12.59009968530
A moderado,SD22VB/P.7,SEPLAN-MT/CNEC,,,,,m??dia sem cascalho / m??dia sem cascalho,,,,,,,"A 9.5 km de Ribeir?úo Cascalheira em dire?º?úo Norte, na Rodovia BR-158.","?ürea plana, com 0 a 3% de declividade","Arenito, diamictito, siltito e folhelho.Forma?º?úo Aquidauana. Carbon?¡fero. Permiano","Produto da decomposi?º?úo de: Arenito, diamictito, siltito e folhelho. Carbon?¡fero. Permiano",,,plano,plano suave ondulado,,acentuadamente drenado,Savana Arborizada com Floresta-de-Galerias,,A - BA - Bw1 - Bw2 - Bw3,P,-12:50:58,-51:49:28,-51.82448594620,-12.84970932590
A moderado,SD22VB/E.18,SEPLAN-MT/CNEC,,,,,m??dia sem cascalho / muito argilosa sem cascalho,,,,,,,"A 350 km de Ribeir?úo Cascalheira, em dire?º?úo Norte e a 46 km ?á direita","?ürea plana, com 0 a 3% de declividade","Arenito, diamictito, siltito e folhelho.Forma?º?úo Aquidauana. Carbon?¡fero. Permiano","Produto da decomposi?º?úo de: Arenito, diamictito, siltito e folhelho. Carbon?¡fero. Permiano",,,plano,plano suave ondulado,,acentuadamente drenado,Savana Florestada,,A - Bw,E,-12:44:14,-51:45:03,-51.75093625670,-12.73723168330
A moderado,SD22VB/E.20,SEPLAN-MT/CNEC,,,,,arenosa sem cascalho / arenosa sem cascalho,,,,,,,A 35 km de Ribeir?úo Cascalheira para o Rio das Mortes,"?ürea plana, com 0 a 2% de declividade","Arenito, diamictito, siltito, folhelho.Forma?º?úo Aquidauana. Carbon?¡fero. Permiano","Produto da decomposi?º?úo de: Arenito, diamictito, siltito e folhelho. Carbon?¡fero. Permiano",,,plano,plano,,excessivamente drenado,Savana Arborizada com Floresta-de-Galerias,,A - C,E,-12:55:21,-51:47:54,-51.79836816060,-12.92276601480
A moderado,SD22VB/E.19,SEPLAN-MT/CNEC,,,,,m??dia sem cascalho / m??dia sem cascalho,,,,,,,"A 350 km de Ribeir?úo Cascalheira, em estrada secund?íria para o Rio S?úo Jo?úo Grande","?ürea plana, com 0 a 3% de declividade","Arenito, diamictito, siltito e folhelho.Forma?º?úo Aquidauana. Carbon?¡fero. Permiano","Produto da decomposi?º?úo de: Arenito, diamictito, siltito e folhelho. Carbon?¡fero. Permiano",,,plano,plano suave ondulado,,acentuadamente drenado,Savana Florestada,,A - Bw,E,-12:51:02,-51:38:29,-51.64161146680,-12.85079255630
A moderado,SD22VB/E.21,IBGE,,,,,m??dia sem cascalho / m??dia sem cascalho,,,,,,,"Estrada Canarana - Rio das Mortes, distando 31.0 km de Rio das Mortes.","Tradagem em ?írea plana, com 0 a 2% de declividade",Sedimentos argilo-arenosos. Forma?º?úo Bananal.Quatern?írio. Pleistoceno.,Sedimentos.,,,plano,plano suave ondulado,,bem drenado,Savana Florestada,,A - Bw,E,-12:55:58,-51:22:19,-51.37209893780,-12.93303583050
A moderado,SD22VC/P.1,SEPLAN-MT/CNEC,,,,,argilosa sem cascalho / argilosa sem cascalho,,,,,,,A 5.4 km de Gaucha do Norte para Paranatinga.,"?ürea plana, com 0 a 3% de declividade",,,,,plano,plano,,bem drenado,Contato Floresta Ombr??fila/Floresta Estacional,,A - BA - Bw1 - Bw2,P,-13:12:57,-53:15:19,-53.25540413310,-13.21595769950
A moderado,SD22VC/E.2,SEPLAN-MT/CNEC,,,,,arenosa sem cascalho / arenosa sem cascalho,,,,,,,A 157 km do Rio Coluene em dire?º?úo ?á Gaucha do Norte,"Ter?ºo superior de encosta, com 6% de declividade","Arenito, siltito e folhelho. Forma?º?úo Ponta Grossa . Devoniano","Produto da decomposi?º?úo de: Arenito, siltito e folhelho. Devoniano",,,suave ondulado,plano suave ondulado,,excessivamente drenado,Contato Savana/Floresta Estacional - ecotono,,A - C,E,-13:24:02,-53:06:48,-53.11352550440,-13.40071151250
A moderado,SD22VC/E.1,MME-SG/Projeto RADAMBRASIL,LATOSSOLO,VERMELHO,?ücrico,t?¡pico,m??dia sem cascalho / m??dia sem cascalho,,,,,,,,,,,,,,,,,Savana Florestada,,A - BA - Bw1 - Bw2 - Bw3,E,-13:18:25,-52:32:37,-52.54377272850,-13.30702678060
A moderado,SD22YD/P.4,MME-SG/Projeto RADAMBRASIL,NEOSSOLO,QUARTZAR?èNICO,?ôrtico,t?¡pico,arenosa sem cascalho / arenosa sem cascalho,,,,,,,"Estrada Araguaiana - Barra do Gar?ºas, distando 16.0 km da primeira. Lat. 15??46' S e Long. 51??58' WGr.","?ürea plana, com 0 a 2% de declividade","Sedimentos argilo-arenosos amarelados, caolin?¡ticos, al??ctones e aut??ctones. Cobertura Detrito-Later?¡tica Neopleistoc?¬nica. Quatern?írio Pleistoc?¬nico.",Sedimentos.,,,plano,plano,,excessivamente drenado,Savana Arborizada com Floresta-de-Galerias,,A - AC - C1 - C2,P,-15:46:48,-51:58:36,-51.97670595960,-15.78019741080
A moderado,SD22YD/E.10,MME-SG/Projeto RADAMBRASIL,LATOSSOLO,VERMELHO,?ücrico,t?¡pico,argilosa sem cascalho / argilosa sem cascalho,,,,,,,Lat. 15??44'S e Long. 51??52' WGr.,,"Sedimentos argilo-arenosos amarelados, caolin?¡ticos, al??ctones e aut??ctones. Cobertura Detrito-Later?¡tica Neopleistoc?¬nica. Quatern?írio Pleistoc?¬nico.",Sedimentos.,,,,,,,Savana Arborizada com Floresta-de-Galerias,,A - BA - Bw1 - Bw2 - Bw3,E,-15:44:39,-51:52:47,-51.87979905040,-15.74426488540
A moderado,SD22YD/P.3,SEPLAN-MT/CNEC,,,,,m??dia sem cascalho / arenosa sem cascalho,,,,,,,A 20 km de Araguaiana para Registro do Araguaia. Lat. 15??43' S e Long. 51??48' WGr.,"?ürea plana de v?írzea, com 0 a 2% de declividade","Conglomerados, areia e pelitos inconsolidados.Aluvi?úo. Holoceno.",Sedimentos.,,,plano,plano,,,Savana Arborizada com Floresta-de-Galerias,,A - C,P,-15:43:06,-51:48:59,-51.81642512370,-15.71856891520
A moderado,SD22XA/E.3,SEPLAN-MT/CNEC,,,,,argilosa sem cascalho / argilosa sem cascalho,,,,,,,A 230 km de Santo Ant??nio do Leverger para Alto da Boa Vista,"?ürea plana, com 0 a 2% de declividade","Conglomerados, areia e pelitos inconsolidados.Aluvi?úo. Holoceno.",Sedimentos.,,,plano,plano,,imperfeitamente drenado,,,A - Bf,E,-12:06:52,-50:51:13,-50.85383841780,-12.11448390040
,SD22XA/E.4,MME-SG/Projeto RADAMBRASIL,LATOSSOLO,AMARELO,Distr??fico,pl?¡ntico,m??dia sem cascalho / m??dia sem cascalho,,,,,,,,,Sedimentos argilo-arenosos. Forma?º?úo Bananal.Quatern?írio. Pleistoceno.,Sedimentos.,,,,,,,Savana Parque com Floresta-de-Galerias,,A - AB - BA - Bwf1 - Bwf2,E,-12:16:00,-50:35:50,-50.59735524170,-12.26680583880
A moderado,SD22XA/E.6,MME-SG/Projeto RADAMBRASIL,,,,,m??dia sem cascalho / argilosa sem cascalho,,,,,,,,,Sedimentos argilo-arenosos. Forma?º?úo Bananal.Quatern?írio. Pleistoceno.,Sedimentos.,,,,,,,,,A - AB - Btf1 - Btf2 - Btf3,E,-12:26:00,-50:35:11,-50.58653433200,-12.43346373590
A moderado,SD22XA/E.7,MME-SG/Projeto RADAMBRASIL,CAMBISSOLO,H?üPLICO,Tb Distr??fico,t?¡pico,m??dia sem cascalho / m??dia sem cascalho,,,,,,,,,Sedimentos argilo-arenosos. Forma?º?úo Bananal.Quatern?írio. Pleistoceno.,Sedimentos.,,,,,,,,,A - Bi1 - Bi2 - C,E,-12:33:52,-50:34:38,-50.57740902740,-12.56446545770
A moderado,SD22XA/E.8,MME-SG/Projeto RADAMBRASIL,ARGISSOLO,AMARELO,Eutr??fico,,m??dia sem cascalho / m??dia sem cascalho,,,,,,,,,Sedimentos argilo-arenosos. Forma?º?úo Bananal.Quatern?írio. Pleistoceno.,Sedimentos.,,,,,,,Contato Savana/Floresta Estacional,,A - BAt - Bt - Btf1 - Btf2,E,-12:34:47,-50:32:01,-50.53388718240,-12.57977064820
A moderado,SD22XA/E.12,MME-SG/Projeto RADAMBRASIL,LATOSSOLO,AMARELO,Distr??fico,pl?¡ntico,m??dia sem cascalho / argilosa sem cascalho,,,,,,,,,"Conglomerados, areia e pelitos inconsolidados.Aluvi?úo. Holoceno.",Sedimentos.,,,,,,,Contato Savana/Floresta Estacional,,A - AB - Bt1 - Bt2 - Bt3,E,-12:45:29,-50:43:36,-50.72680350060,-12.75826914770
A moderado,SD22XA/E.10,MME-SG/Projeto RADAMBRASIL,PLINTOSSOLO,H?üPLICO,Eutr??fico,,argilosa sem cascalho / argilosa pouco cascalhenta,,,,,,,,,"Conglomerados, areia e pelitos inconsolidados.Aluvi?úo. Holoceno.",Sedimentos.,,,,,,,,,A - BA - Bf1 - Bf2,E,-12:42:41,-50:27:59,-50.46662018220,-12.71150640890
A moderado,SD22XA/E.11,MME-SG/Projeto RADAMBRASIL,CAMBISSOLO,H?üPLICO,Tb Distr??fico,t?¡pico,m??dia muito cascalhenta / m??dia muito cascalhenta,,,,,,,,,Grupo Estrondo.,,,,,,,,Savana Florestada,,A - Bi1 - Bi2 - C,E,-12:41:57,-49:55:58,-49.93292325970,-12.69933615860
A moderado,SD22XA/E.14,MME-SG/Projeto RADAMBRASIL,,,,,m??dia sem cascalho / m??dia sem cascalho,,,,,,,,,Laterito e areia. Cobertura Detrito-Later?¡tica Neog?¬nica. Terci?írio Neogeno.,Produto da decomposi?º?úo de: Laterito e areia. Cobertura Detrito-Later?¡tica Neog?¬nica. Terci?írio Neogeno.,,,,,,,Savana Arborizada com Floresta-de-Galerias,,A - AB - BA - Bw1 - Bw2,E,-12:51:04,-49:59:23,-49.98998703930,-12.85111328100
A moderado,SD22XA/E.13,MME-SG/Projeto RADAMBRASIL,LATOSSOLO,AMARELO,Distr??fico,t?¡pico,m??dia sem cascalho / m??dia sem cascalho,,,,,,,,,Sedimentos argilo-arenosos. Forma?º?úo Bananal.Quatern?írio. Pleistoceno.,Sedimentos.,,,,,,,Savana,,A - AB - BA - Bw1 - Bw2,E,-12:48:53,-50:17:23,-50.28999640080,-12.81474598360
A moderado,SD22XA/E.9,MME-SG/Projeto RADAMBRASIL,LATOSSOLO,AMARELO,Distr??fico,,m??dia sem cascalho / m??dia cascalhenta,,,,,,,,,Metasedimentos ?ícidos e b?ísicos. Complexo Rio dos Mangues.Paleoproteroz??ico.,Sedimentos.,,,,,,,Savana Arborizada com Floresta-de-Galerias,,A - BA - Bwc,E,-12:40:37,-49:40:46,-49.67965432330,-12.67716597970
A moderado,SD22XA/P.1,MME-SG/Projeto RADAMBRASIL,PLINTOSSOLO,P?ëTRICO,Concrecion?írio,argiss??lico,m??dia muito cascalhenta / m??dia muito cascalhenta,,,,,,,"Estrada Aragua?ºu - Doril?óndia, distando 38.0 km da primeira.","Ter?ºo superior de encosta, com 4% de declividade",Metasedimentos ?ícidos e b?ísicos. Complexo Rio dos Mangues.Paleoproteroz??ico.,Sedimentos.,,,suave ondulado,plano suave ondulado,,bem drenado,Savana Arborizada sem Floresta-de-Galerias,,A - ABc - Btc1 - Btc2 - Btc3,P,-12:36:30,-49:35:51,-49.59764745130,-12.60843512640
A moderado,SD22VB/E.15,SEPLAN-MT/CNEC,,,,,argilosa sem cascalho / argilosa sem cascalho,,,,,,,A 5.4 km de Quer?¬ncia em dire?º?úo a Canarana.,"?ürea plana, com 0 a 2% de declividade","Sedimentos argilo-arenosos amarelados, caolin?¡ticos, al??ctones e aut??ctones. Cobertura Detrito-Later?¡tica Neopleistoc?¬nica. Quatern?írio Pleistoc?¬nico.",Sedimentos.,,,plano,plano suave ondulado,,,Contato Savana/Savana Florestada - encrave,,A - Bw,E,-12:31:30,-52:18:11,-52.30306524030,-12.52504249110
A moderado,SD22VB/E.17,MME-SG/Projeto RADAMBRASIL,LATOSSOLO,VERMELHO,?ücrico,t?¡pico,argilosa sem cascalho / argilosa sem cascalho,,,,,,,,,"Sedimentos argilo-arenosos amarelados, caolin?¡ticos, al??ctones e aut??ctones. Cobertura Detrito-Later?¡tica Neopleistoc?¬nica. Quatern?írio Pleistoc?¬nico.",Sedimentos.,,,,,,,Contato Savana/Floresta Estacional,,A - AB - Bw1 - Bw2 - Bw3,E,-12:34:11,-52:14:10,-52.23630489980,-12.56987410760
A moderado,SD22VB/E.2,MME-SG/Projeto RADAMBRASIL,LATOSSOLO,VERMELHO-AMARELO,?ücrico,t?¡pico,argilosa pouco cascalhenta / argilosa sem cascalho,,,,,,,,,Laterito e areia. Cobertura Detrito-Later?¡tica Neog?¬nica. Terci?írio Neogeno.,Produto da decomposi?º?úo de: Laterito e areia. Cobertura Detrito-Later?¡tica Neog?¬nica. Terci?írio Neogeno.,,,,,,,Savana Arborizada sem Floresta-de-Galerias,,A - BA - Bw1 - Bw2 - Bw3,E,-12:03:22,-51:46:14,-51.77079523920,-12.05632304100
A moderado,SD22VB/E.3,MME-SG/Projeto RADAMBRASIL,LATOSSOLO,VERMELHO,Distr??fico,t?¡pico,m??dia pouco cascalhenta / argilosa pouco cascalhenta,,,,,,,,,Laterito e areia. Cobertura Detrito-Later?¡tica Neog?¬nica. Terci?írio Neogeno.,Produto da decomposi?º?úo de: Laterito e areia. Cobertura Detrito-Later?¡tica Neog?¬nica. Terci?írio Neogeno.,,,,,,,Contato Savana/Floresta Estacional,,A - AB - Bw1 - Bw2 - Bw3,E,-12:05:58,-51:42:06,-51.70184921600,-12.09955496070
A moderado,SD22VB/E.5,MME-SG/Projeto RADAMBRASIL,LATOSSOLO,VERMELHO,?ücrico,t?¡pico,arenosa pouco cascalhenta / m??dia pouco cascalhenta,,,,,,,,,Laterito e areia. Cobertura Detrito-Later?¡tica Neog?¬nica. Terci?írio Neogeno.,Produto da decomposi?º?úo de: Laterito e areia. Cobertura Detrito-Later?¡tica Neog?¬nica.,,,,,,,Contato Savana/Floresta Estacional,,A - BA - Bw1 - Bw2,E,-12:08:37,-51:31:38,-51.52728074090,-12.14387876430
A moderado,SD22VB/E.6,SEPLAN-MT/CNEC,,,,,m??dia sem cascalho / m??dia sem cascalho,,,,,,,A 200 km de Serra Nova para Al?? Brasil,"?ürea plana, com 0 a 3% de declividade",Laterito e areia. Cobertura Detrito-Later?¡tica Neog?¬nica. Terci?írio Neogeno.,Produto da decomposi?º?úo de: Laterito e areia. Cobertura Detrito-Later?¡tica Neog?¬nica. Terci?írio Neogeno.,,,plano,plano suave ondulado,,acentuadamente drenado,Contato Savana/Floresta Estacional Semidecidual Submontana Dossel emergente - encrave,,Ap - Bw,E,-12:10:16,-51:29:54,-51.49847458140,-12.17119794810
A moderado,SD22VB/P.1,SEPLAN-MT/CNEC,,,,,arenosa pouco cascalhenta / argilosa sem cascalho,,,,,,,A 250 km de Al?? Brasil em dire?º?úo ?á Serra Nova,"Ter?ºo superior de eleva?º?úo, com 15 a 20% de declividade",Laterito e areia. Cobertura Detrito-Later?¡tica Neog?¬nica. Terci?írio Neogeno.,Produto da decomposi?º?úo de: Laterito e areia. Cobertura Detrito-Later?¡tica Neog?¬nica. Terci?írio Neogeno.,,,ondulado,ondulado forte ondulado,,bem drenado,Contato Savana/Floresta Estacional,,A - Bt1 - Bt2 - BC,P,-12:10:28,-51:33:15,-51.55433031540,-12.17459587080
A moderado,SD22VB/E.8,MME-SG/Projeto RADAMBRASIL,LATOSSOLO,AMARELO,Distr??fico,t?¡pico,m??dia pouco cascalhenta / m??dia pouco cascalhenta,,,,,,,,,Laterito e areia. Cobertura Detrito-Later?¡tica Neog?¬nica. Terci?írio Neogeno.,Produto da decomposi?º?úo de: Laterito e areia. Cobertura Detrito-Later?¡tica Neog?¬nica.,,,,,,,Savana Florestada,,A - AB - Bw1 - Bw2 - Bw3,E,-12:15:21,-51:25:37,-51.42708311390,-12.25596583150
A moderado,SD22VB/P.2,SEPLAN-MT/CNEC,,,,,arenosa sem cascalho / m??dia sem cascalho,,,,,,,A 266 km de Santo Antonio do Leverger para Serra Nova,"?ürea plana, com 0 a 3% de declividade",Siltito e arc??sio.Forma?º?úo Diamantino.Neoproteroz??ico.,Produto da decomposi?º?úo de: Siltito e arc??sio.Forma?º?úo Diamantino.Neoproteroz??ico.,,,plano,plano,,imperfeitamente drenado,Savana Arborizada com Floresta-de-Galerias,,A - BA - B - Bf,P,-12:15:59,-51:11:39,-51.19438279700,-12.26640976510
A moderado,SD22VB/E.7,SEPLAN-MT/CNEC,,,,,argilosa sem cascalho / argilosa sem cascalho,,,,,,,A 220 km deSerra Nova para Al?? Brasil,"?ürea plana, com 0 a 3% de declividade",Siltito e arc??sio.Forma?º?úo Diamantino.Neoproteroz??ico.,Produto da decomposi?º?úo de: Siltito e arc??sio.Forma?º?úo Diamantino.Neoproteroz??ico.,,,plano,plano,,bem drenado,Savana Arborizada com Floresta-de-Galerias,,A - Bw,E,-12:10:59,-51:14:49,-51.24715657230,-12.18312809330
A moderado,SD22VB/E.4,SEPLAN-MT/CNEC,,,,,m??dia sem cascalho / m??dia sem cascalho,,,,,,,A 150 km de Serra Nova para Al?? Brasil,"?ürea plana, com 0 a 3% de declividade",Siltito e arc??sio.Forma?º?úo Diamantino.Neoproteroz??ico.,Produto da decomposi?º?úo de: Siltito e arc??sio.Forma?º?úo Diamantino.Neoproteroz??ico.,,,plano,plano suave ondulado,,bem drenado,Savana Arborizada com Floresta-de-Galerias,,A - Bi,E,-12:07:54,-51:17:35,-51.29320846050,-12.13181447630
A moderado,SD22VB/E.1,SEPLAN-MT/CNEC,,,,,m??dia sem cascalho / m??dia sem cascalho,,,,,,,A 49.0 km de Alto da  Boa Vista para Serra Nova.,"?ürea plana, com 0 a 3% de declividade",Sedimentos arenosos. Forma?º?úo Utiariti. Cret?íceo.,Sedimentos.,,,plano,plano suave ondulado,,acentuadamente drenado,Savana Arborizada com Floresta-de-Galerias,,A - Bw,E,-12:02:33,-51:21:11,-51.35314079150,-12.04258275110
A moderado,SD22VB/E.11,MME-SG/Projeto RADAMBRASIL,GLEISSOLO,H?üPLICO,Al?¡tico,neofluviss??lico,m??dia pouco cascalhenta / argilosa sem cascalho,,,,,,,,,Sedimentos argilo-arenosos. Forma?º?úo Bananal.Quatern?írio. Pleistoceno.,Sedimentos.,,,,,,,Savana Florestada,,A - ACg - Cg1 - Cg2 - Cg3,E,-12:23:28,-51:02:13,-51.03698179730,-12.39120736640
A moderado,SD22VB/E.10,SEPLAN-MT/CNEC,,,,,m??dia sem cascalho / m??dia sem cascalho,,,,,,,A 200 km de Al?? Brasil para Ribeir?úo Cascalheira,"Ter?ºo m??dio de encosta, com 3 a 5% de declividade","Sedimentos argilo-arenosos amarelados, caolin?¡ticos, al??ctones e aut??ctones. Cobertura Detrito-Later?¡tica Neopleistoc?¬nica. Quatern?írio Pleistoc?¬nico.",Sedimentos.,,,suave ondulado,plano suave ondulado,,acentuadamente drenado,Contato Savana/Floresta Estacional,,Ap - Bw,E,-12:22:39,-51:44:36,-51.74353854640,-12.37766815750
A moderado,SD22VB/E.13,SEPLAN-MT/CNEC,,,,,m??dia  / m??dia,,,,,,,A 110 km de Para?¡so para Ribeir?úo Cascalheira,"?ürea plana, com 0 a 3% de declividade","Arenito, diamictito, siltito e folhelho.Forma?º?úo Aquidauana. Carbon?¡fero. Permiano","Produto da decomposi?º?úo de: Arenito, diamictito, siltito e folhelho. Carbon?¡fero. Permiano",,,plano,plano suave ondulado,,acentuadamente drenado,Contato Savana/Floresta Estacional Semidecidual Submontana Dossel emergente - encrave,,Ap - Bw,E,-12:28:47,-51:32:05,-51.53497823960,-12.47989837110
A moderado,SD22VB/E.12,SEPLAN-MT/CNEC,,,,,m??dia sem cascalho / m??dia sem cascalho,,,,,,,A 55.0 km de Ribeir?úo Cascalheira para Al?? Brasil e a 12.0 km ?á direita da estrada.,"?ürea plana, com 0 a 3% de declividade","Sedimentos argilo-arenosos amarelados, caolin?¡ticos, al??ctones e aut??ctones. Cobertura Detrito-Later?¡tica Neopleistoc?¬nica. Quatern?írio Pleistoc?¬nico.",Sedimentos.,,,plano,plano suave ondulado,,bem drenado,Savana Florestada,,A - Bw,E,-12:26:57,-51:40:14,-51.67069522780,-12.44920751530
A moderado,SD22VA/E.4,MME-SG/Projeto RADAMBRASIL,LATOSSOLO,VERMELHO,Distr??fico,t?¡pico,argilosa sem cascalho / argilosa sem cascalho,,,,,,,,,"Sedimentos argilo-arenosos amarelados, caolin?¡ticos, al??ctones e aut??ctones. Cobertura Detrito-Later?¡tica Neopleistoc?¬nica. Quatern?írio Pleistoc?¬nico.",Sedimentos.,,,,,,,Contato Floresta Ombr??fila/Floresta Estacional Semidecidual Submontana Dossel emergente - encrave,,A - BA - Bw1 - Bw2 - Bw3,E,-12:56:54,-52:41:26,-52.69056872640,-12.94847351990
A moderado,SD22VA/E.3,SEPLAN-MT/CNEC,,,,,argilosa sem cascalho / argilosa sem cascalho,,,,,,,A 1710 km de Canarana para a Fazenda Tanguro,"?ürea plana, com 0 a 3% de declividade","Sedimentos argilo-arenosos amarelados, caolin?¡ticos, al??ctones e aut??ctones. Cobertura Detrito-Later?¡tica Neopleistoc?¬nica. Quatern?írio Pleistoc?¬nico.",Sedimentos.,,,plano,plano suave ondulado,,bem drenado,Contato Floresta Ombr??fila/Floresta Estacional Semidecidual Submontana Dossel emergente - encrave,,A - Bw,E,-12:53:03,-52:30:37,-52.51047888090,-12.88419101490
A moderado,SD22VA/E.1,MME-SG/Projeto RADAMBRASIL,PLINTOSSOLO,H?üPLICO,Distr??fico,t?¡pico,m??dia sem cascalho / argilosa sem cascalho,,,,,,,,,"Sedimentos argilo-arenosos amarelados, caolin?¡ticos, al??ctones e aut??ctones. Cobertura Detrito-Later?¡tica Neopleistoc?¬nica. Quatern?írio Pleistoc?¬nico.",Sedimentos.,,,,,,,Savana Arborizada com Floresta-de-Galerias,,A - Btf1 - Btf2 - Btf3 - 2C,E,-12:41:41,-52:31:21,-52.52277612540,-12.69482801990
A moderado,SD22VA/E.2,SEPLAN-MT/CNEC,,,,,m??dia sem cascalho / argilosa sem cascalho,,,,,,,Plan?¡cie de inunda?º?úo do Rio Tanguro.,"?ürea plana de v?írzea, com 0 a 3% de declividade","Conglomerados, areia e pelitos inconsolidados.Aluvi?úo. Holoceno.",Sedimentos.,,,plano,plano,,mal drenado,Forma?º??es Pioneiras com influ?¬ncia fluvial e/ou lacustre arbustiva sem palmeiras,,A - Bw1 - Cg - Bw2,E,-12:43:08,-52:31:08,-52.51903137750,-12.71906002960
A moderado,SD22VB/E.9,SEPLAN-MT/CNEC,,,,,argilosa sem cascalho / argilosa sem cascalho,,,,,,,A 2950 km de Quer?¬ncia para Canarana,"?ürea plana, com 0 a 3% de declividade","Sedimentos argilo-arenosos amarelados, caolin?¡ticos, al??ctones e aut??ctones. Cobertura Detrito-Later?¡tica Neopleistoc?¬nica. Quatern?írio Pleistoc?¬nico.",Sedimentos.,,,plano,plano suave ondulado,,bem drenado,Contato Floresta Ombr??fila/Floresta Estacional Semidecidual Submontana Dossel emergente,,A - Bw,E,-12:20:07,-52:19:03,-52.31770915930,-12.33541609050
A h??mico,SD22YD/P.5,SEPLAN-MT/CNEC,,,,,m??dia sem cascalho / m??dia cascalhenta,,,,,,,"Estrada Barra do Gar?ºas - Nova Xavantina, a 5.0 km do trevo de Barra do Gar?ºas. Lat. 15??50' S e Long. 52??18'WGr.","Corte de estrada em ter?ºo m??dio de encosta, com 8% de declividade","Arenito, siltito e folhelho. Forma?º?úo Ponta Grossa . Siluro- Devoniano.","Produto da decomposi?º?úo de: Arenito, siltito e folhelho. Siluro- Devoniano.",,,suave ondulado,suave ondulado ondulado,,bem drenado,Savana Arborizada com Floresta-de-Galerias,,Ap - AB - BA - Bi - Bwf,P,-15:50:28,-52:18:30,-52.30848613590,-15.84130100150
A moderado,SD22VC/P.2,MME-SG/Projeto RADAMBRASIL,LATOSSOLO,VERMELHO,Distr??fico,t?¡pico,m??dia sem cascalho / argilosa sem cascalho,,,,,,,"Estrada que se inicia a 55.0 km de Garapu II para o Projeto Coluene, lado direito em dire?º?úo ?á Fazenda Pateiro, distando 40.0 km do entroncamento.","?ürea plana, com 0 a 2% de declividade",,,,,plano,plano,,acentuadamente drenado,Contato Floresta Ombr??fila/Floresta Estacional Semidecidual Submontana - encrave,,A - AB - Bw1 - Bw2 - Bw3,P,-13:20:52,-52:49:29,-52.82492394100,-13.34801501200
A moderado,SD22VC/E.3,MME-SG/Projeto RADAMBRASIL,PLINTOSSOLO,P?ëTRICO,Concrecion?írio,t?¡pico,arenosa muito cascalhenta / m??dia muito cascalhenta,,,,,,,,,"Arenito, siltito e folhelho. Forma?º?úo Ponta Grossa . Devoniano","Produto da decomposi?º?úo de: Arenito, siltito e folhelho. Devoniano",,,,,,,Savana Parque com Floresta-de-Galerias,,Ac - Btc1 - Btc2 - Btc3,E,-13:30:57,-52:42:59,-52.71641705060,-13.51592155420
A moderado,SD22VC/P.3,SEPLAN-MT/CNEC,,,,,m??dia muito cascalhenta / m??dia sem cascalho,,,,,,,A 324 km do Rio Sete de Setembro para Coluene,"Corte de estrada em ter?ºo m??dio de eleva?º?úo, com 3 a 6% de declividade","Arenito, siltito e folhelho. Forma?º?úo Ponta Grossa . Devoniano","Produto da decomposi?º?úo de: Arenito, siltito e folhelho. Devoniano",,,suave ondulado,suave ondulado ondulado,,bem drenado,Savana Arborizada com Floresta-de-Galerias,,A - BAc - Bc1 - Bc2,P,-13:33:08,-52:41:40,-52.69467148810,-13.55227873590
A moderado,SD22VC/E.4,SEPLAN-MT/CNEC,,,,,m??dia sem cascalho / argilosa sem cascalho,,,,,,,A 700 m do Rio Cel. Vanick em dire?º?úo ao Rio Coluene.,"?ürea plana de v?írzea, com 0 a 2% de declividade","Arenito, siltito e folhelho. Forma?º?úo Ponta Grossa . Devoniano","Produto da decomposi?º?úo de: Arenito, siltito e folhelho. Devoniano",,,plano,plano,,mal drenado,Savana Arborizada com Floresta-de-Galerias,,A - Btf,E,-13:33:17,-52:45:23,-52.75647064930,-13.55499935470
A moderado,SD22VC/E.6,SEPLAN-MT/CNEC,,,,,arenosa sem cascalho / arenosa sem cascalho,,,,,,,A 7.1 km do Rio Couto Magalh?úes para Coluene,"?ürea plana, com 0 a 3% de declividade","Arenito, siltito e folhelho. Forma?º?úo Ponta Grossa . Devoniano","Produto da decomposi?º?úo de: Arenito, siltito e folhelho. Devoniano",,,plano,plano suave ondulado,,excessivamente drenado,Savana Arborizada com Floresta-de-Galerias,,A - C,E,-13:43:13,-53:00:37,-53.01055398180,-13.72038145480
A moderado,SD22VC/E.8,MME-SG/Projeto RADAMBRASIL,LATOSSOLO,VERMELHO,?ücrico,t?¡pico,m??dia pouco cascalhenta / argilosa sem cascalho,,,,,,,,,Siltito e arc??sio.Forma?º?úo Diamantino.Neoproteroz??ico.,Produto da decomposi?º?úo de: Siltito e arc??sio.Forma?º?úo Diamantino.Neoproteroz??ico.,,,,,,,Savana Parque com Floresta-de-Galerias,,A - AB - BA - Bw1 - Bw2,E,-13:56:44,-53:03:04,-53.05134881440,-13.94567665020
A moderado,SD22VC/E.5,SEPLAN-MT/CNEC,,,,,m??dia sem cascalho / argilosa sem cascalho,,,,,,,A 65.5 km de Gaucha do Norte para Paranatinga.,"Ter?ºo m??dio de encosta, com 6% de declividade","Arenito, siltito e folhelho. Forma?º?úo Ponta Grossa . Devoniano","Produto da decomposi?º?úo de: Arenito, siltito e folhelho. Devoniano",,,suave ondulado,suave ondulado ondulado,,bem drenado,Savana Arborizada com Floresta-de-Galerias,,A - Bt,E,-13:39:39,-53:21:21,-53.35595262060,-13.66106157860
A moderado,SD22VC/P.4,SEPLAN-MT/CNEC,,,,,m??dia sem cascalho / m??dia sem cascalho,,,,,,,A 74.6 KM de Gaucha do Norte para Paranatinga.,"Ter?ºo m??dio de encosta, com 5 a 8% de declividade",Siltito e arc??sio.Forma?º?úo Diamantino.Neoproteroz??ico.,Produto da decomposi?º?úo de: Siltito e arc??sio.Forma?º?úo Diamantino.Neoproteroz??ico.,,,suave ondulado,suave ondulado,,bem drenado,Contato Savana/Floresta Estacional,,A - AB - Bt1 - Bt2,P,-13:42:44,-53:22:20,-53.37225031470,-13.71224297340
A moderado,SD22VC/P.5,SEPLAN-MT/CNEC,,,,,m??dia sem cascalho / m??dia sem cascalho,,,,,,,A 1030 km de Gaucha do Norte pa Paranatinga,"Ter?ºo m??dio de encosta, com 3 a 8% de declividade",Siltito e arc??sio.Forma?º?úo Diamantino.Neoproteroz??ico.,Produto da decomposi?º?úo de: Siltito e arc??sio.Forma?º?úo Diamantino.Neoproteroz??ico.,,,suave ondulado,suave ondulado ondulado,,acentuadamente drenado,Savana Arborizada com Floresta-de-Galerias,,A - BA - Bi,P,-13:54:23,-53:31:09,-53.51918098590,-13.90644057510
A moderado,SD22VC/E.7,SEPLAN-MT/CNEC,,,,,argilosa sem cascalho / argilosa cascalhenta,,,,,,,"A 5.0 km do Rio Coluene, em dire?º?úo Oeste.","Ter?ºo m??dio de eleva?º?úo, com 0 a 3% de declividade",Siltito e arc??sio.Forma?º?úo Diamantino.Neoproteroz??ico.,Produto da decomposi?º?úo de: Siltito e arc??sio.Forma?º?úo Diamantino.Neoproteroz??ico.,,,plano,plano suave ondulado,,bem drenado,Savana Arborizada com Floresta-de-Galerias,,A - Bi,E,-13:58:26,-53:21:07,-53.35213806630,-13.97409722610
A moderado,SD22VD/P.1,SEPLAN-MT/CNEC,,,,,m??dia sem cascalho / m??dia sem cascalho,,,,,,,A 123 km de Ribeir?úo Cascalheira para Canarana,"?ürea plana, com 0 a 3% de declividade","Arenito, diamictito, siltito e folhelho.Forma?º?úo Aquidauana. Carbon?¡fero. Permiano.","Produto da decomposi?º?úo de: Arenito, diamictito, siltito e folhelho. Carbon?¡fero. Permiano.",,,plano,plano suave ondulado,,excessivamente drenado,Savana Florestada,,Ap - Bw1 - Bw2 - Bw3,P,-13:00:04,-51:53:07,-51.88542216020,-13.00120855030
A moderado,SD22VD/E.1,SEPLAN-MT/CNEC,,,,,m??dia sem cascalho / m??dia sem cascalho,,,,,,,A 300 km de Ribeir?úo Cascalheira para Canarana,"Corte de ?írea de empr??stimo, com 0 a 3% de declividade","Arenito, diamictito, siltito e folhelho.Forma?º?úo Aquidauana. Carbon?¡fero. Permiano","Produto da decomposi?º?úo de: Arenito, diamictito, siltito e folhelho. Carbon?¡fero. Permiano",,,plano,plano suave ondulado,,acentuadamente drenado,Savana Arborizada com Floresta-de-Galerias,,A - Bw,E,-13:07:30,-51:54:57,-51.91595011010,-13.12522598840
A moderado,SD22VD/P.2,SEPLAN-MT/CNEC,LATOSSOLO,VERMELHO-AMARELO,?ücrico,petropl?¡ntico,m??dia pouco cascalhenta / m??dia cascalhenta,,,,,,,"A 300 km da Pens?úo da Rosa ( Br - 158 ), estrada para Fazenda Rabelo","?ürea plana, com 1% de declividade","Arenito, diamictito, siltito e folhelho.Forma?º?úo Aquidauana. Carbon?¡fero. Permiano.","Produto da decomposi?º?úo de: Arenito, diamictito, siltito e folhelho. Carbon?¡fero. Permiano.",,,plano,plano suave ondulado,,acentuadamente drenado,Savana Arborizada com Floresta-de-Galerias,,A - AB - Bw1 - Bw2 - Bw3,P,-13:16:08,-52:05:59,-52.09999591310,-13.26898304250
A moderado,SD22VD/P.4,SEPLAN-MT/CNEC,,,,,argilosa sem cascalho / argilosa sem cascalho,,,,,,,V?írzea do C??rrego Jabuti ( afluente do Suiz?úo ) a 60.0 km de Canarana.,"?ürea plana de v?írzea, com 0 a 3% de declividade","Arenito, diamictito, siltito e folhelho.Forma?º?úo Aquidauana. Carbon?¡fero. Permiano.","Produto da decomposi?º?úo de: Arenito, diamictito, siltito e folhelho. Carbon?¡fero. Permiano.",,,plano,plano,,mal drenado,Savana Arborizada com Floresta-de-Galerias,,A - AC - Cg1 - Cg2 - Cg3,P,-13:03:45,-52:11:17,-52.18815906280,-13.06265620430
A moderado,SD22VD/E.2,MME-SG/Projeto RADAMBRASIL,LATOSSOLO,VERMELHO,?ücrico,t?¡pico,argilosa sem cascalho / argilosa sem cascalho,,,,,,,,,"Sedimentos argilo-arenosos amarelados, caolin?¡ticos, al??ctones e aut??ctones. Cobertura Detrito-Later?¡tica Neopleistoc?¬nica. Quatern?írio Pleistoc?¬nico.",Sedimentos.,,,,,,,Contato Floresta Ombr??fila/Floresta Estacional,,A - AB - Bw1 - Bw2 - Bw3,E,-13:08:15,-52:26:52,-52.44794807980,-13.13776320250
A moderado,SD22VB/E.14,SEPLAN-MT/CNEC,,,,,m??dia sem cascalho / m??dia sem cascalho,,,,,,,A 55.0 km de Ribeir?úo Cascalheira para Al?? Brasil e a 7.5 km ?á direita da estrada.,"?ürea plana, com 0 a 3% de declividade","Sedimentos argilo-arenosos amarelados, caolin?¡ticos, al??ctones e aut??ctones. Cobertura Detrito-Later?¡tica Neopleistoc?¬nica. Quatern?írio Pleistoc?¬nico.",Sedimentos.,,,plano,plano suave ondulado,,acentuadamente drenado,Contato Savana/Floresta Estacional Semidecidual,,Ap - Bw,E,-12:28:41,-51:42:19,-51.70533600490,-12.47822684120
,SD22VB/E.16,SEPLAN-MT/CNEC,,,,,m??dia sem cascalho / m??dia sem cascalho,,,,,,,A 48.4 km de Ribeir?úo Cascalheira para Al?? Brasil.,"?ürea plana, com 0 a 2% de declividade","Sedimentos argilo-arenosos amarelados, caolin?¡ticos, al??ctones e aut??ctones. Cobertura Detrito-Later?¡tica Neopleistoc?¬nica. Quatern?írio Pleistoc?¬nico.",Dep??sitos org?ónicos sobre sedimentos.,,,plano,plano,,mal drenado,Forma?º??es Pioneiras com influ?¬ncia fluvial e/ou lacustre arbustiva sem palmeiras,,Oo - Od,E,-12:32:10,-51:46:55,-51.78214573360,-12.53636794140
A moderado,SD22VB/P.3,SEPLAN-MT/CNEC,,,,,arenosa pouco cascalhenta / m??dia sem cascalho,,,,,,,?Ç 4.3 km de Paraiso em dire?º?úo a Serra Nova.,"Ter?ºo superior de eleva?º?úo, com 15% de declividade","Arenito, diamictito, siltito e folhelho.Forma?º?úo Aquidauana. Carbon?¡fero. Permiano","Produto da decomposi?º?úo de: Arenito, diamictito, siltito e folhelho. Carbon?¡fero. Permiano",,,ondulado,ondulado forte ondulado,,bem drenado,Floresta Estacional Semidecidual Submontana Dossel emergente,,Ap - Bt1 - Bt2 - Bt3,P,-12:25:28,-51:28:38,-51.47736835730,-12.42444866610
A moderado,SD22VB/P.4,SEPLAN-MT/CNEC,,,,,m??dia sem cascalho / m??dia sem cascalho,,,,,,,A 55.0 km de Ribeir?úo Cascalheira para Al?? Brasil e a 17.0 km ?á direita da estrada.,"Ter?ºo m??dio de eleva?º?úo, com 8% de declividade",Laterito e areia. Cobertura Detrito-Later?¡tica Neog?¬nica. Terci?írio Neogeno.,Produto da decomposi?º?úo de: Laterito e areia. Cobertura Detrito-Later?¡tica Neog?¬nica. Terci?írio Neogeno.,,,suave ondulado,suave ondulado ondulado,,acentuadamente drenado,Floresta Estacional Semidecidual Submontana Dossel emergente,,A - BA - Bw1 - Bw2 - BC,P,-12:27:30,-51:38:04,-51.63465591190,-12.45848416800
A moderado,SD22VB/P.5,MME-SG/Projeto RADAMBRASIL,LATOSSOLO,VERMELHO,Distr??fico,t?¡pico,m??dia sem cascalho / m??dia sem cascalho,,,,,,,"Rodovia Br-158, trecho Al?? Brasil- Tangar?í,  distando 4.0 km da primeira, e a 500m ?á  esquerda da Rodovia para a Fazenda Sete Barras.","?ürea plana, com 0 a 2% de declividade","Sedimentos argilo-arenosos amarelados, caolin?¡ticos, al??ctones e aut??ctones. Cobertura Detrito-Later?¡tica Neopleistoc?¬nica. Quatern?írio Pleistoc?¬nico.",Sedimentos.,,,plano,plano suave ondulado,,acentuadamente drenado,Contato Savana/Floresta Estacional,,A - AB - Bw1 - Bw2 - Bw3,P,-12:30:24,-51:46:18,-51.77171778800,-12.50687127790
A moderado,SD22YC/E.11,SEPLAN-MT/CNEC,,,,,arenosa sem cascalho / m??dia sem cascalho,,,,,,,"Estrada General Carneiro - Primavera do Leste, distando 54.0 km da primeira.","Ter?ºo superior de encosta, com 5% de declividade","Arenito, diamictito, siltito e folhelho.Forma?º?úo Aquidauana. Carbon?¡fero. Permiano.","Produto da decomposi?º?úo de: Arenito, diamictito, siltito e folhelho. Carbon?¡fero. Permiano.",,,suave ondulado,suave ondulado,,acentuadamente drenado,Savana Parque sem Floresta-de-Galerias,,Ap - Bw,E,-15:34:50,-53:12:13,-53.20369856330,-15.58067845930
A moderado,SD22YC/E.4,SEPLAN-MT/CNEC,,,,,argilosa sem cascalho / argilosa sem cascalho,,,,,,,"A 5.0 km de Vila Pared?úo Grande para Primavera do Leste, e a 20.0 km entrando-se ?á direita.","Tradagem em ?írea plana, com 0 a 2% de declividade",Laterito e areia. Cobertura Detrito-Later?¡tica Neog?¬nica. Terci?írio Neogeno.,Produto da decomposi?º?úo de: Laterito e areia. Cobertura Detrito-Later?¡tica Neog?¬nica.,,,plano,plano suave ondulado,,acentuadamente drenado,Savana Arborizada com Floresta-de-Galerias,,Ap - Bw,E,-15:23:38,-53:26:26,-53.44059066560,-15.39407296030
A moderado,SD22YC/P.4,SEPLAN-MT/CNEC,,,,,arenosa sem cascalho / arenosa sem cascalho,,,,,,,"Rodovia BR-070, trecho Vila Pared?úo Grande - Primavera do Leste, distando 1.0 km da primeira.","?ürea plana, com 0 a 2% de declividade","Arenito, diamictito, siltito e folhelho.Forma?º?úo Aquidauana. Carbon?¡fero. Permiano.","Produto da decomposi?º?úo de: Arenito, diamictito, siltito e folhelho. Carbon?¡fero. Permiano.",,,plano,plano suave ondulado,,excessivamente drenado,Savana Arborizada com Floresta-de-Galerias,,Ap - AC - C1 - C2,P,-15:34:25,-53:23:38,-53.39405436790,-15.57370924250
A moderado,SD22YC/E.6,SEPLAN-MT/CNEC,,,,,m??dia sem cascalho / m??dia sem cascalho,,,,,,,"?Ç 5.0 km de Vila Pared?úo Grande para Primavera do Leste, e ?á 8.0 km entrando-se ?á direita.","Tradagem em ter?ºo m??dio de encosta, com 5% de declividade",Laterito e areia. Cobertura Detrito-Later?¡tica Neog?¬nica. Terci?írio Neogeno.,Produto da decomposi?º?úo de: Laterito e areia. Cobertura Detrito-Later?¡tica Neog?¬nica. Terci?írio Neogeno.,,,suave ondulado,suave ondulado,,fortemente drenado,Savana Arborizada com Floresta-de-Galerias,,Ap - Bw,E,-15:29:06,-53:28:09,-53.46927464910,-15.48505169720
A moderado,SD22YC/E.7,MME-SG/Projeto RADAMBRASIL,LATOSSOLO,VERMELHO,?ücrico,t?¡pico,argilosa sem cascalho / argilosa sem cascalho,,,,,,,,,Laterito e areia. Cobertura Detrito-Later?¡tica Neog?¬nica. Terci?írio Neogeno.,Produto da decomposi?º?úo de: Laterito e areia. Cobertura Detrito-Later?¡tica Neog?¬nica. Terci?írio Neogeno.,,,,,,,Savana Arborizada com Floresta-de-Galerias,,A - AB - Bw1 - Bw2 - Bw3,E,-15:26:26,-53:44:42,-53.74519404540,-15.44074643810
A moderado,SD22YC/P.3,MME-SG/Projeto RADAMBRASIL,LATOSSOLO,VERMELHO-AMARELO,Distr??fico,t?¡pico,argilosa sem cascalho / argilosa sem cascalho,,,,,,,"Rodovia BR- 070, trecho Cuiab?í - Barra do Gar?ºas, a 73.0 km ap??s o entroncamento para Paranatinga entrada ?á esquerda para Fazenda Tuparandi, distando 20.0 km da Rodovia.","?ürea plana, com 0 a 2% de declividade",Laterito e areia. Cobertura Detrito-Later?¡tica Neog?¬nica. Terci?írio Neogeno.,Produto da decomposi?º?úo de: Laterito e areia. Cobertura Detrito-Later?¡tica Neog?¬nica. Terci?írio Neogeno.,,,plano,plano,,acentuadamente drenado,Savana Arborizada com Floresta-de-Galerias,,A - AB - Bw1 - Bw2 - Bw3,P,-15:34:43,-53:45:28,-53.75785014420,-15.57872342550
A moderado,SD22YC/E.13,SEPLAN-MT/CNEC,,,,,m??dia sem cascalho / m??dia sem cascalho,,,,,,,"Estrada General Carneiro - Primavera do Leste, a 20.0 km da Vila Pared?úo Grande (BR-070).","Ter?ºo superior de eleva?º?úo, com 3% de declividade",Laterito e areia. Cobertura Detrito-Later?¡tica Neog?¬nica. Terci?írio Neogeno.,Produto da decomposi?º?úo de: Laterito e areia. Cobertura Detrito-Later?¡tica Neog?¬nica. Terci?írio Neogeno.,,,suave ondulado,suave ondulado,,fortemente drenado,Savana Arborizada com Floresta-de-Galerias,,Ap - Bw,E,-15:37:36,-53:33:00,-53.55014121130,-15.62667185810
A moderado,SD22YC/E.17,SEPLAN-MT/CNEC,,,,,argilosa sem cascalho / argilosa sem cascalho,,,,,,,"Estrada Barra do Gar?ºas - Primavera do Leste, a 3.0 km ap??s o Rio Sangradouro.","Tradagem em ter?ºo superior de eleva?º?úo, com 5% de declividade","Arenito, siltito e folhelho. Forma?º?úo Ponta Grossa . Devoniano","Produto da decomposi?º?úo de: Arenito, siltito e folhelho. Devoniano",,,suave ondulado,suave ondulado,,bem drenado,Savana Arborizada com Floresta-de-Galerias,,Ap - Bw,E,-15:39:18,-53:55:29,-53.92477051120,-15.65510711240
A moderado,SD22YC/E.18,SEPLAN-MT/CNEC,,,,,arenosa sem cascalho / arenosa sem cascalho,,,,,,,"Estrada Primavera do Leste - Barra do Gar?ºas ( BR-070 ),  3.0 km ap??s a entrada para Vila Itaquere.","Tradagem em ter?ºo superior de eleva?º?úo, com 3% de declividade",Laterito e areia. Cobertura Detrito-Later?¡tica Neog?¬nica. Terci?írio Neogeno.,Produto da decomposi?º?úo de: Laterito e areia. Cobertura Detrito-Later?¡tica Neog?¬nica. Terci?írio Neogeno.,,,suave ondulado,suave ondulado,,excessivamente drenado,Savana Arborizada com Floresta-de-Galerias,,Ap - C,E,-15:43:03,-53:44:05,-53.73483948180,-15.71753016150
A moderado,SD22YC/E.19,SEPLAN-MT/CNEC,,,,,m??dia sem cascalho / m??dia sem cascalho,,,,,,,A 160 km de Batovi para Rodovia BR-070,"Tradagem em ter?ºo superior, com 3 a 4% de declividade",Laterito e areia. Cobertura Detrito-Later?¡tica Neog?¬nica. Terci?írio Neogeno.,Produto da decomposi?º?úo de: Laterito e areia. Cobertura Detrito-Later?¡tica Neog?¬nica. Terci?írio Neogeno.,,,suave ondulado,suave ondulado,,fortemente drenado,Savana Arborizada com Floresta-de-Galerias,,Ap - Bw,E,-15:45:36,-53:35:01,-53.58384095030,-15.76003656040
A moderado,SD22YC/P.5,MME-SG/Projeto RADAMBRASIL,NEOSSOLO,QUARTZAR?èNICO,?ôrtico,t?¡pico,arenosa sem cascalho / arenosa sem cascalho,,,,,,,"Estrada Batovi - Rodovia BR-070, distando 3.0 km de Batovi.","?ürea suave ondulada, com 3% declividade",Laterito e areia. Cobertura Detrito-Later?¡tica Neog?¬nica. Terci?írio Neogeno.,Produto da decomposi?º?úo de: Laterito e areia. Cobertura Detrito-Later?¡tica Neog?¬nica. Terci?írio Neogeno.,,,suave ondulado,plano suave ondulado,,excessivamente drenado,Savana Arborizada com Floresta-de-Galerias,,A - C1 - C2 - C3,P,-15:50:37,-53:29:59,-53.49998118890,-15.84375164620
A moderado,SD22YC/P.6,SEPLAN-MT/CNEC,,,,,siltosa sem cascalho / siltosa sem cascalho,,,,,,,"A 74.0 km de Vila Pared?úo Grande na estrada Barra do Gar?ºas - Primavera do Leste, ea 34.0 km ?á esquerda para Faz. Barra do Engano.","Corte de estrada em ter?ºo m??dio de encosta, com 10% de declividade","Arenito, diamictito, siltito e folhelho.Forma?º?úo Aquidauana. Carbon?¡fero. Permiano.","Produto da decomposi?º?úo de: Arenito, diamictito, siltito e folhelho. Carbon?¡fero. Permiano.",,,ondulado,ondulado,,moderadamente drenado,Savana Arborizada com Floresta-de-Galerias,,Ap - AB - BA - Bi - C - Cg,P,-15:57:43,-53:46:20,-53.77248926350,-15.96194759410
A moderado,SD22YC/E.21,MME-SG/Projeto RADAMBRASIL,,,,,m??dia sem cascalho / m??dia sem cascalho,,,,,,,,,Laterito e areia. Cobertura Detrito-Later?¡tica Neog?¬nica. Terci?írio Neogeno.,Produto da decomposi?º?úo de: Laterito e areia. Cobertura Detrito-Later?¡tica Neog?¬nica. Terci?írio Neogeno.,,,,,,,Savana Arborizada com Floresta-de-Galerias,,A - BA - Bw1 - Bw2 - Bw3,E,-15:59:43,-53:32:35,-53.54315829540,-15.99541263440
A moderado,SD22YC/E.20,SEPLAN-MT/CNEC,,,,,argilosa sem cascalho / argilosa sem cascalho,,,,,,,"Estrada Barra do Gar?ºas - Primavera do Leste, a 74.0 km da Vila Pared?úo Grande e a 28.0 km ?á esquerda para Batovi.","Tradagem em ?írea plana, com 0 a 2% de declividade",Laterito e areia. Cobertura Detrito-Later?¡tica Neog?¬nica. Terci?írio Neogeno.,Produto da decomposi?º?úo de: Laterito e areia. Cobertura Detrito-Later?¡tica Neog?¬nica.,,,plano,plano suave ondulado,,acentuadamente drenado,Savana Arborizada com Floresta-de-Galerias,,Ap - Bw,E,-15:56:07,-53:46:19,-53.77209869160,-15.93535658230
A moderado,SD22YC/E.10,MME-SG/Projeto RADAMBRASIL,ARGISSOLO,VERMELHO,Distr??fico,abr??ptico,arenosa sem cascalho / m??dia sem cascalho,,,,,,,,,"Arenito, diamictito, siltito e folhelho.Forma?º?úo Aquidauana. Carbon?¡fero. Permiano.","Produto da decomposi?º?úo de: Arenito, diamictito, siltito e folhelho. Carbon?¡fero. Permiano.",,,,,,,Savana Arborizada com Floresta-de-Galerias,,A - AB - Bt1 - Bt2 - Bt3,E,-15:35:04,-53:24:58,-53.41632407430,-15.58445899630
A moderado,SD22YD/E.1,SEPLAN-MT/CNEC,,,,,m??dia sem cascalho / m??dia sem cascalho,,,,,,,A 54.0 km de Nova Xavantina para Barra do Gar?ºas e a 23.0 km da estrada. Lat. 15??02' S e Long. 52??00' WGr.,"Tradagem em ?írea plana, com 0 a 2% de declividade","Sedimentos argilo-arenosos amarelados, caolin?¡ticos, al??ctones e aut??ctones. Cobertura Detrito-Later?¡tica Neopleistoc?¬nica. Quatern?írio Pleistoc?¬nico.",Sedimentos.,,,plano,plano,,moderadamente drenado,Floresta Estacional Semidecidual Submontana,,Ap,E,-15:02:08,-52:00:19,-52.00551918550,-15.03579099870
A moderado,SD22YD/E.3,SEPLAN-MT/CNEC,,,,,argilosa sem cascalho / argilosa sem cascalho,,,,,,,"A 54.0 km de Nova Xavantina para Barra do Gar?ºas, e a 1.0 km ?á esquerda da estrada. Lat. 15??07' S e Long. 52??12' WGr.","Tradagem em ?írea plana, com 0 a 2% de declividade","Sedimentos argilo-arenosos amarelados, caolin?¡ticos, al??ctones e aut??ctones. Cobertura Detrito-Later?¡tica Neopleistoc?¬nica. Quatern?írio Pleistoc?¬nico.",Sedimentos.,,,plano,plano,,acentuadamente drenado,Floresta Estacional Semidecidual,,Ap - Bw,E,-15:07:04,-52:12:27,-52.20767446900,-15.11789344470
A moderado,SD22YD/E.4,MME-SG/Projeto RADAMBRASIL,PLINTOSSOLO,ARGIL?ÜVICO,Distr??fico,t?¡pico,m??dia sem cascalho / m??dia sem cascalho,,,,,,,Lat. 15?? 13' S e Long. 52??10' WGr.,,"Sedimentos argilo-arenosos amarelados, caolin?¡ticos, al??ctones e aut??ctones. Cobertura Detrito-Later?¡tica Neopleistoc?¬nica. Quatern?írio Pleistoc?¬nico.",Sedimentos.,,,,,,,Savana Arborizada sem Floresta-de-Galerias,,A - Bt - Btf1 - Btf2,E,-15:13:16,-52:10:04,-52.16798761800,-15.22136806390
A moderado,SD22YD/P.2,MME-SG/Projeto RADAMBRASIL,LATOSSOLO,AMARELO,Distr??fico,pl?¡ntico,m??dia sem cascalho / m??dia sem cascalho,,,,,,,"Estrada Nova Xavantina - Barra do Gar?ºas, a 1.0 km ap??s Vale dos Sonhos. Lat. 15??23' S e Long. 52??12' WGr.","?ürea plana, com 0 a 2% de declividade","Sedimentos argilo-arenosos amarelados, caolin?¡ticos, al??ctones e aut??ctones. Cobertura Detrito-Later?¡tica Neopleistoc?¬nica. Quatern?írio Pleistoc?¬nico.",Sedimentos.,,,plano,plano,,moderadamente drenado,Savana Arborizada sem Floresta-de-Galerias,,A - AB - Bw1 - Bw2 - Bwf1 - Bwf2,P,-15:23:49,-52:12:18,-52.20506586610,-15.39718125030
A moderado,SD22YD/P.1,MME-SG/Projeto RADAMBRASIL,LATOSSOLO,AMARELO,Distr??fico,psam?¡tico,arenosa sem cascalho / m??dia sem cascalho,,,,,,,"Estrada Barra do Gar?ºas - Fazenda N. Sa. de F?ítima, distando 86.8 km de Barra do Gar?ºas. Lat. 15??20' S e Long. 51??58' WGr.","?ürea plana, com 0 a 2% de declividade","Sedimentos argilo-arenosos amarelados, caolin?¡ticos, al??ctones e aut??ctones. Cobertura Detrito-Later?¡tica Neopleistoc?¬nica. Quatern?írio Pleistoc?¬nico.",Sedimentos.,,,plano,plano,,bem drenado,Contato Savana/Floresta Estacional,,A - AB - Bw1 - Bw2,P,-15:20:50,-51:58:50,-51.98080659370,-15.34745469080
A moderado,SD22YD/E.7,MME-SG/Projeto RADAMBRASIL,LATOSSOLO,VERMELHO-AMARELO,Distr??fico,t?¡pico,m??dia sem cascalho / m??dia sem cascalho,,,,,,,Lat. 15??31' S e Long. 52??12' WGr.,,"Sedimentos argilo-arenosos amarelados, caolin?¡ticos, al??ctones e aut??ctones. Cobertura Detrito-Later?¡tica Neopleistoc?¬nica. Quatern?írio Pleistoc?¬nico.",Sedimentos.,,,,,,,Savana Parque com Floresta-de-Galerias,,A - AB - BA - Bw1 - Bw2,E,-15:31:31,-52:12:21,-52.20606720700,-15.52545988700
A moderado,SD22YD/E.6,SEPLAN-MT/CNEC,,,,,arenosa sem cascalho / arenosa sem cascalho,,,,,,,"Estrada Barra do Gar?ºas - Nova Xavantina, distando 35.0 km da primeira, e a 25.0 km ?á direita. Lat. 15??30' S e Long. 51??59' WGr.","Tradagem em ?írea plana, com 0 a 2% de declividade","Sedimentos argilo-arenosos amarelados, caolin?¡ticos, al??ctones e aut??ctones. Cobertura Detrito-Later?¡tica Neopleistoc?¬nica. Quatern?írio Pleistoc?¬nico.",Sedimentos.,,,plano,plano,,imperfeitamente drenado,Savana Arborizada com Floresta-de-Galerias,,A - C,E,-15:30:05,-51:59:57,-51.99933884470,-15.50165752790
A moderado,SD22YD/E.5,SEPLAN-MT/CNEC,,,,,arenosa sem cascalho / arenosa sem cascalho,,,,,,,A 190 km de Araguaiana para Cocalinho e a 100 km ?á esquerda da estrada. Lat. 15??27' S e Long. 51??50' WGr.,"Tradagem em ?írea plana, com 0 a 2% de declividade","Sedimentos argilo-arenosos amarelados, caolin?¡ticos, al??ctones e aut??ctones. Cobertura Detrito-Later?¡tica Neopleistoc?¬nica. Quatern?írio Pleistoc?¬nico.",Sedimentos.,,,plano,plano,,excessivamente drenado,Savana Arborizada com Floresta-de-Galerias,,A - C,E,-15:28:00,-51:50:13,-51.83706936180,-15.46667854100
A moderado,SD22YD/E.2,SEPLAN-MT/CNEC,,,,,m??dia sem cascalho / argilosa sem cascalho,,,,,,,A 69.0 km de Araguaiana para Cocalinho e a 8.0 km `a esquerda da estrada.Lat. 15??05' S e Long. 51??42' WGr.,"Tradagem em ?írea plana, com 0 a 2% de declividade",Sedimentos argilo-arenosos. Forma?º?úo Bananal.Quatern?írio. Pleistoceno.,Sedimentos.,,,plano,plano,,imperfeitamente drenado,Savana Parque com Floresta-de-Galerias,,A - Btf,E,-15:05:50,-51:42:37,-51.71047144790,-15.09724187570
A moderado,SD22YD/E.8,SEPLAN-MT/CNEC,,,,,argilosa sem cascalho / argilosa sem cascalho,,,,,,,"Estrada Barra do gar?ºas - Nova Xavantina, distando 19.0 km da primeira e a 10.0 km ?á esquerda para Toricueije. Lat. 15??39' S e Long. 52??19' WGr.","Tradagem em ?írea plana, com 0 a 2% de declividade","Sedimentos argilo-arenosos amarelados, caolin?¡ticos, al??ctones e aut??ctones. Cobertura Detrito-Later?¡tica Neopleistoc?¬nica. Quatern?írio Pleistoc?¬nico.",Sedimentos.,,,plano,plano suave ondulado,,acentuadamente drenado,Savana Parque com Floresta-de-Galerias,,Ap - Bw,E,-15:39:45,-52:19:42,-52.32858870360,-15.66269086680
A moderado,SD22YD/E.9,MME-SG/Projeto RADAMBRASIL,ARGISSOLO,AMARELO,Distr??fico,petropl?¡ntico,arenosa sem cascalho / m??dia sem cascalho,,,,,,,Lat. 15??39' S e Long. 52??12' WGr.,,"Sedimentos argilo-arenosos amarelados, caolin?¡ticos, al??ctones e aut??ctones. Cobertura Detrito-Later?¡tica Neopleistoc?¬nica. Quatern?írio Pleistoc?¬nico.",Sedimentos.,,,,,,,Savana Arborizada com Floresta-de-Galerias,,A - Bt1 - Bt2 - Bt3,E,-15:39:50,-52:12:37,-52.21051606030,-15.66405377350
A moderado,SD22VD/P.8,SEPLAN-MT/CNEC,,,,,m??dia sem cascalho / m??dia sem cascalho,,,,,,,A 8.2 km do Posto Santa Maria para Cocalinho.,"Corte de ?írea de empr??stimo, com 0 a 3% de declividade",Sedimentos argilo-arenosos. Forma?º?úo Bananal.Quatern?írio. Pleistoceno.,Sedimentos.,,,plano,plano,,imperfeitamente drenado,Savana Parque com Floresta-de-Galerias,,A - AB - BA - Bf,P,-13:56:21,-51:50:56,-51.84892878080,-13.93922847020
A moderado,SD22VD/P.5,SEPLAN-MT/CNEC,,,,,m??dia sem cascalho / m??dia sem cascalho,,,,,,,A 7.0 km de Serra Dourada para ?ügua Boa (BR-158).,"Corte de estrada, com 10% de declividade",Siltito e arc??sio.Forma?º?úo Diamantino.Neoproteroz??ico.,Produto da decomposi?º?úo de: Siltito e arc??sio.Forma?º?úo Diamantino.Neoproteroz??ico.,,,ondulado,ondulado,,bem drenado,Savana Arborizada com Floresta-de-Galerias,,A - C,P,-13:44:38,-52:02:14,-52.03732228300,-13.74410477170
A fraco,SD22VD/P.7,SEPLAN-MT/CNEC,,,,,m??dia sem cascalho / m??dia sem cascalho,,,,,,,A 19 km do Posto Rei da Estrada para ?ügua Boa,"Ter?ºo m??dio de encosta, com 6% de declividade",Siltito e arc??sio.Forma?º?úo Diamantino.Neoproteroz??ico.,Produto da decomposi?º?úo de: Siltito e arc??sio.Forma?º?úo Diamantino.Neoproteroz??ico.,,,suave ondulado,plano suave ondulado,,moderadamente drenado,Savana Arborizada com Floresta-de-Galerias,,Ap - Bi1 - Bi2 - BC,P,-13:46:32,-52:02:31,-52.04199849700,-13.77555862100
A moderado,SD22VD/E.12,SEPLAN-MT/CNEC,,,,,m??dia sem cascalho / m??dia sem cascalho,,,,,,,A 500m de Serra Dourada em  dire?º?úo Norte.,"Meia encosta, com 3% de declividade","Arenito, siltito e folhelho. Forma?º?úo Ponta Grossa . Devoniano","Produto da decomposi?º?úo de: Arenito, siltito e folhelho. Devoniano",,,plano,plano suave ondulado,,bem drenado,Savana Florestada,,A - Bw,E,-13:41:33,-52:01:24,-52.02343008550,-13.69255404760
A moderado,SD22VD/E.14,SEPLAN-MT/CNEC,CAMBISSOLO,H?üPLICO,Tb Distr??fico,pl?¡ntico,m??dia sem cascalho / m??dia sem cascalho,,,,,,,,,Siltito e arc??sio.Forma?º?úo Diamantino.Neoproteroz??ico.,Produto da decomposi?º?úo de: Siltito e arc??sio.Forma?º?úo Diamantino.Neoproteroz??ico.,,,,,,,Savana Arborizada com Floresta-de-Galerias,,A - Bi1 - Bi2 - C,E,-13:47:08,-52:00:08,-52.00239633680,-13.78573317120
A moderado,SD22VD/E.15,SEPLAN-MT/CNEC,,,,,m??dia sem cascalho / m??dia sem cascalho,,,,,,,A 70.0 km do Rio das Mortes em dire?º?úo ao Posto Rei da Estrada.,"?ürea plana, com 0 a 3% de declividade",Siltito e arc??sio.Forma?º?úo Diamantino.Neoproteroz??ico.,Produto da decomposi?º?úo de: Siltito e arc??sio.Forma?º?úo Diamantino.Neoproteroz??ico.,,,plano,plano suave ondulado,,bem drenado,Savana Parque com Floresta-de-Galerias,,A - Bi,E,-13:49:45,-51:53:17,-51.88816101380,-13.82933107630
A moderado,SD22VD/E.3,MME-SG/Projeto RADAMBRASIL,LATOSSOLO,AMARELO,Distr??fico,t?¡pico,m??dia sem cascalho / m??dia sem cascalho,,,,,,,,,Sedimentos argilo-arenosos. Forma?º?úo Bananal.Quatern?írio. Pleistoceno.,Sedimentos.,,,,,,,Savana Arborizada sem Floresta-de-Galerias,,A - AB - BA - Bw1 - Bw2 - Bw3,E,-13:15:00,-51:10:51,-51.18094359970,-13.25004985420
A moderado,SD22VD/E.11,SEPLAN-MT/CNEC,NEOSSOLO,FL?ÜVICO,Tb Distr??fico,t?¡pico,arenosa sem cascalho / m??dia sem cascalho,,,,,,,,,"Conglomerados, areia e pelitos inconsolidados.Aluvi?úo. Holoceno.",Sedimentos.,,,,,,,Savana Parque com Floresta-de-Galerias,,A - AC - C1 - 2C2 - 2C3,E,-13:39:23,-51:31:21,-51.52254848720,-13.65652096550
A moderado,SD22YA/E.3,MME-SG/Projeto RADAMBRASIL,LATOSSOLO,VERMELHO,Distr??fico,t?¡pico,argilosa sem cascalho / argilosa sem cascalho,,,,,,,,,Laterito e areia. Cobertura Detrito-Later?¡tica Neog?¬nica. Terci?írio Neogeno.,Produto da decomposi?º?úo de: Laterito e areia. Cobertura Detrito-Later?¡tica Neog?¬nica. Terci?írio Neogeno.,,,,,,,Savana,,A - AB - BAw - Bw1 - Bw2,E,-14:32:57,-53:59:05,-53.98498340270,-14.54929562690
A moderado,SD22YA/E.9,SEPLAN-MT/CNEC,,,,,argilosa sem cascalho / argilosa sem cascalho,,,,,,,"Estrada Vila Santo Ant??nio - Novo S?úo Joaquim, distando 500 m  da primeira.","Tradagem em ?írea plana, com 0 a 2% de declividade",Laterito e areia. Cobertura Detrito-Later?¡tica Neog?¬nica. Terci?írio Neogeno.,Produto da decomposi?º?úo de: Laterito e areia. Cobertura Detrito-Later?¡tica Neog?¬nica. Terci?írio Neogeno.,,,plano,plano,,acentuadamente drenado,Savana Arborizada com Floresta-de-Galerias,,Ap - Bw,E,-14:50:09,-53:34:36,-53.57688738070,-14.83610151510
A moderado,SD22YA/E.1,SEPLAN-MT/CNEC,,,,,m??dia sem cascalho / m??dia sem cascalho,,,,,,,"Estrada ?ügua Boa - Vila Jaragu?í, distando 57.0 km da primeira.","Tradagem em ?írea plana, com 0 a 2% de declividade",Siltito e arc??sio.Forma?º?úo Diamantino.Neoproteroz??ico.,Produto da decomposi?º?úo de: Siltito e arc??sio.Forma?º?úo Diamantino.Neoproteroz??ico.,,,suave ondulado,plano suave ondulado,,bem drenado,Savana Arborizada com Floresta-de-Galerias,,Ap - Bi,E,-14:13:22,-52:33:17,-52.55498871790,-14.22286288340
A moderado,SD22YA/E.2,SEPLAN-MT/CNEC,,,,,m??dia sem cascalho / m??dia sem cascalho,,,,,,,"Estrada ?ügua Boa - Vila Jaragu?í, distando 70.0 km da primeira.","Tradagem em ?írea plana, com 0 a 2% de declividade",Siltito e arc??sio.Forma?º?úo Diamantino.Neoproteroz??ico.,Produto da decomposi?º?úo de: Siltito e arc??sio.Forma?º?úo Diamantino.Neoproteroz??ico.,,,plano,plano suave ondulado,,bem drenado,Savana Arborizada com Floresta-de-Galerias,,Ap - Bi,E,-14:15:54,-52:37:08,-52.61903955090,-14.26510011250
A moderado,SD22YA/P.1,MME-SG/Projeto RADAMBRASIL,CAMBISSOLO,H?üPLICO,Tb Distr??fico,t?¡pico,m??dia sem cascalho / m??dia cascalhenta,,,,,,,"Estrada ?ügua Boa - Fazenda Xavantina, distando 68.0 km de ?ügua Boa.","?ürea plana, com 0 a 2% de declividade",Siltito e arc??sio.Forma?º?úo Diamantino.Neoproteroz??ico.,Produto da decomposi?º?úo de: Siltito e arc??sio. Neoproteroz??ico.,,,plano,plano suave ondulado,,moderadamente drenado,Savana Arborizada com Floresta-de-Galerias,,A - AB - Bi1 - Bi2 - C,P,-14:17:35,-52:38:53,-52.64821264640,-14.29309055660
A h??mico,SD22YA/P.2,SEPLAN-MT/CNEC,,,,,m??dia sem cascalho / m??dia cascalhenta,,,,,,,A 300 km de Capin??polis para Vila Jaragu?í,"Corte de estrada em ter?ºo m??dio de encosta, com 20% de declividade","Arenito, siltito e folhelho. Forma?º?úo Ponta Grossa . Devoniano","Produto da decomposi?º?úo de: Arenito, siltito e folhelho. Devoniano",,,ondulado,ondulado forte ondulado,,bem drenado,Savana Parque sem Floresta-de-Galerias,,Ap - AB - BA - Bi - BC,P,-14:18:45,-52:49:21,-52.82269841100,-14.31260650350
A moderado,SD22YA/E.7,SEPLAN-MT/CNEC,,,,,argilosa sem cascalho / argilosa sem cascalho,,,,,,,A 270 km de Campin?ípolis para S?úo Joaquim,"Tradagem em ?írea plana, com 0 a 2% de declividade","Arenito, siltito e folhelho. Forma?º?úo Ponta Grossa . Devoniano","Produto da decomposi?º?úo de: Arenito, siltito e folhelho. Devoniano",,,plano,plano suave ondulado,,acentuadamente drenado,Savana Arborizada com Floresta-de-Galerias,,Ap - Bw,E,-14:38:02,-52:50:07,-52.83530771380,-14.63391622220
A moderado,SD22YA/E.4,SEPLAN-MT/CNEC,,,,,argilosa sem cascalho / argilosa sem cascalho,,,,,,,A 5.0 km de Capin??polis para S?úo Joaquim.,"Tradagem em ?írea plana, com 0 a 2% de declividade","Arenito, siltito e folhelho. Forma?º?úo Ponta Grossa . Devoniano","Produto da decomposi?º?úo de: Arenito, siltito e folhelho. Devoniano",,,plano,plano suave ondulado,,acentuadamente drenado,Savana Arborizada com Floresta-de-Galerias,,Ap - Bw,E,-14:33:49,-52:47:44,-52.79582653650,-14.56382231480
A h??mico,SD22YA/P.3,SEPLAN-MT/CNEC,,,,,m??dia pouco cascalhenta / m??dia sem cascalho,,,,,,,A 310 km de Capin??polis para Vila Jaragu?í,"Corte de estrada em ter?ºo inferior de encosta, com 8% de declividade","Arenito, siltito e folhelho. Forma?º?úo Ponta Grossa . Devoniano","Produto da decomposi?º?úo de: Arenito, siltito e folhelho. Devoniano",,,ondulado,suave ondulado ondulado,,bem drenado,Savana Arborizada com Floresta-de-Galerias,,A - AB - BA - Bi - BC,P,-14:30:28,-52:47:58,-52.79945351530,-14.50799747850
A moderado,SD22YA/E.6,MME-SG/Projeto RADAMBRASIL,NEOSSOLO,QUARTZAR?èNICO,?ôrtico,t?¡pico,arenosa sem cascalho / arenosa sem cascalho,,,,,,,,,"Areia grossa, feldspato, caulinita; Forma?º?úo Furnas; Siluro-Devoniano;","Produto da decomposi?º?úo de: Areia grossa, feldspato, caulinita; Siluro-Devoniano;",,,,,,,Savana Arborizada com Floresta-de-Galerias,,A - AC - C1 - C2,E,-14:35:41,-52:30:38,-52.51072055360,-14.59485732550
A moderado,SD22YA/E.5,SEPLAN-MT/CNEC,,,,,arenosa sem cascalho / arenosa sem cascalho,,,,,,,"60 km de Nova Xavantina para ?ügua Boa, entrando-se 250 km ?á esquerda para Campin??polis","Tradagem em ?írea plana, com 0 a 2% de declividade","Areia grossa, feldspato, caulinita; Forma?º?úo Furnas; Siluro-Devoniano;","Produto da decomposi?º?úo de: Areia grossa, feldspato, caulinita; Siluro-Devoniano;",,,plano,plano suave ondulado,,excessivamente drenado,Savana Arborizada com Floresta-de-Galerias,,A - C,E,-14:35:58,-52:31:47,-52.52989172560,-14.59962898860
A moderado,SD22YA/E.8,SEPLAN-MT/CNEC,,,,,m??dia sem cascalho / siltosa muito cascalhenta,,,,,,,A 200 km de Novo S?úo Joaquim para Campin?ípolis,"Corte de estrada em ter?ºo m??dio de encosta, com 8% de declividade","Arenito, siltito e folhelho. Forma?º?úo Ponta Grossa . Devoniano","Produto da decomposi?º?úo de: Arenito, siltito e folhelho. Devoniano",,,suave ondulado,suave ondulado,,bem drenado,Savana Arborizada com Floresta-de-Galerias,,Acf - Bcf,E,-14:47:40,-52:55:31,-52.92534146380,-14.79471997340
A moderado,SD22YA/E.10,SEPLAN-MT/CNEC,,,,,argilosa sem cascalho / argilosa cascalhenta,,,,,,,A 120 km de Novo S?úo Joaquim para Campin??polis,"Corte de estrada em ter?ºo m??dio de encosta, com 8% de declividade","Arenito, siltito e folhelho. Forma?º?úo Ponta Grossa . Devoniano","Produto da decomposi?º?úo de: Arenito, siltito e folhelho. Devoniano",,,suave ondulado,suave ondulado ondulado,,moderadamente drenado,Savana Arborizada com Floresta-de-Galerias,,A - Bif,E,-14:50:32,-52:58:22,-52.97304457500,-14.84243117650
A moderado,SD22YB/E.1,SEPLAN-MT/CNEC,,,,,argilosa sem cascalho / argilosa sem cascalho,,,,,,,A 1770 km de Canarana na dire?º?úo Sul,"Ter?ºo superior de encosta, com 3% de declividade",Siltito e arc??sio.Forma?º?úo Diamantino.Neoproteroz??ico.,Produto da decomposi?º?úo de: Siltito e arc??sio.Forma?º?úo Diamantino.Neoproteroz??ico.,,,plano,plano suave ondulado,,bem drenado,Savana Arborizada com Floresta-de-Galerias,,Ap - Bw,E,-14:00:21,-52:24:25,-52.40714674150,-14.00610964000
A moderado,SD22YB/E.3,MME-SG/Projeto RADAMBRASIL,LATOSSOLO,VERMELHO-AMARELO,Distr??fico,t?¡pico,m??dia sem cascalho / m??dia sem cascalho,,,,,,,,,Laterito e areia. Cobertura Detrito-Later?¡tica Neog?¬nica. Terci?írio Neogeno.,Produto da decomposi?º?úo de: Laterito e areia. Cobertura Detrito-Later?¡tica Neog?¬nica. Terci?írio Neogeno.,,,,,,,Savana Parque com Floresta-de-Galerias,,A - AB - BA - Bw1 - Bw2 - Bw3,E,-14:02:19,-52:09:20,-52.15559515070,-14.03881040080
A moderado,SD22VD/E.6,SEPLAN-MT/CNEC,,,,,argilosa sem cascalho / argilosa sem cascalho,,,,,,,A 200 km de Canarana para Ribeir?úo Cascalheira,"?ürea plana, com 0 a 3% de declividade","Arenito, siltito e folhelho. Forma?º?úo Ponta Grossa . Devoniano","Produto da decomposi?º?úo de: Arenito, siltito e folhelho. Devoniano",,,plano,plano suave ondulado,,bem drenado,Savana Florestada,,Ap - Bw,E,-13:32:12,-52:11:38,-52.19392688190,-13.53686931960
A moderado,SD22VD/E.9,SEPLAN-MT/CNEC,,,,,m??dia sem cascalho / m??dia sem cascalho,,,,,,,A 150 km de Canarana para ?ügua Boa,"?ürea plana, com 0 a 2% de declividade","Arenito, siltito e folhelho. Forma?º?úo Ponta Grossa . Devoniano","Produto da decomposi?º?úo de: Arenito, siltito e folhelho. Devoniano",,,plano,plano suave ondulado,,,Savana Arborizada com Floresta-de-Galerias,,Ap - Bw,E,-13:34:21,-52:07:46,-52.12959041800,-13.57273426810
A moderado,SD22VD/E.8,MME-SG/Projeto RADAMBRASIL,LATOSSOLO,VERMELHO,?ücrico,t?¡pico,m??dia sem cascalho / argilosa sem cascalho,,,,,,,,,"Arenito, diamictito, siltito e folhelho.Forma?º?úo Aquidauana. Carbon?¡fero. Permiano.","Produto da decomposi?º?úo de: Arenito, diamictito, siltito e folhelho. Carbon?¡fero. Permiano.",,,,,,,Savana Arborizada com Floresta-de-Galerias,,A - AB - Bw1 - Bw2 - Bw3,E,-13:32:10,-52:20:07,-52.33538796560,-13.53624488010
A moderado,SD22VD/P.3,SEPLAN-MT/CNEC,,,,,m??dia sem cascalho / argilosa sem cascalho,,,,,,,"Margem do Rio Tanguru, a 2.0 km de Canarana para Quer?¬ncia.","?ürea plana de v?írzea, com 0 a 2% de declividade","Arenito, diamictito, siltito e folhelho.Forma?º?úo Aquidauana. Carbon?¡fero. Permiano.","Produto da decomposi?º?úo de: Arenito, diamictito, siltito e folhelho. Carbon?¡fero. Permiano.",,,plano,plano,,mal drenado,Savana Arborizada com Floresta-de-Galerias,,A - AB - BA - Btf1 - Btf2,P,-13:28:02,-52:18:54,-52.31503092950,-13.46747237850
A moderado,SD22VD/E.4,SEPLAN-MT/CNEC,,,,,m??dia sem cascalho / m??dia sem cascalho,,,,,,,A 270 km de Canarana para Quer?¬ncia,"?ürea plana, com 0 a 3% de declividade","Arenito, diamictito, siltito e folhelho.Forma?º?úo Aquidauana. Carbon?¡fero. Permiano","Produto da decomposi?º?úo de: Arenito, diamictito, siltito e folhelho. Carbon?¡fero. Permiano",,,plano,plano suave ondulado,,acentuadamente drenado,Savana Arborizada com Floresta-de-Galerias,,A - Bw,E,-13:19:48,-52:22:52,-52.38129677010,-13.33027495170
A moderado,SD22VD/E.7,MME-SG/Projeto RADAMBRASIL,LATOSSOLO,AMARELO,?ücrico,t?¡pico,m??dia sem cascalho / argilosa sem cascalho,,,,,,,,,"Arenito, siltito e folhelho. Forma?º?úo Ponta Grossa . Devoniano","Produto da decomposi?º?úo de: Arenito, siltito e folhelho. Devoniano",,,,,,,Savana Florestada,,A - AB - Bw1 - Bw2 - Bw3,E,-13:29:42,-51:51:01,-51.85040458310,-13.49517562320
A moderado,SD22VD/E.5,SEPLAN-MT/CNEC,,,,,m??dia sem cascalho / m??dia sem cascalho,,,,,,,"A 35.0 km do entroncamento de Canarana na Br - 158, no sentido Norte.","?ürea plana, com 0 a 3% de declividade","Arenito, diamictito, siltito e folhelho.Forma?º?úo Aquidauana. Carbon?¡fero. Permiano","Produto da decomposi?º?úo de: Arenito, diamictito, siltito e folhelho. Carbon?¡fero. Permiano",,,plano,plano suave ondulado,,bem drenado,Savana Arborizada com Floresta-de-Galerias,,A - Bi,E,-13:25:16,-51:56:36,-51.94335395690,-13.42117748430
A moderado,SD22VD/E.10,SEPLAN-MT/CNEC,,,,,m??dia sem cascalho / m??dia sem cascalho,,,,,,,A 100 km de Canarana para ?ügua Boa,"Ter?ºo superior de encosta, com 3 a 5% de declividade","Arenito, diamictito, siltito e folhelho.Forma?º?úo Aquidauana. Carbon?¡fero. Permiano.","Produto da decomposi?º?úo de: Arenito, diamictito, siltito e folhelho. Carbon?¡fero. Permiano.",,,suave ondulado,plano suave ondulado,,acentuadamente drenado,Savana Arborizada com Floresta-de-Galerias,,Ap - Bw,E,-13:36:53,-52:15:33,-52.25921705650,-13.61480365810
A moderado,SD22VD/P.6,SEPLAN-MT/CNEC,,,,,argilosa sem cascalho / argilosa sem cascalho,,,,,,,"Estrada ?ügua Boa - Canarana, a 3.0 km do Rio Sete de Setembro, entre os C??rregos Miquel?úo e Pomar.","Ter?ºo m??dio de encosta, com 5% de declividade",Siltito e arc??sio.Forma?º?úo Diamantino.Neoproteroz??ico.,Produto da decomposi?º?úo de: Siltito e arc??sio.Forma?º?úo Diamantino.Neoproteroz??ico.,,,suave ondulado,plano suave ondulado,,bem drenado,Savana Parque com Floresta-de-Galerias,,Ap - AB - Bw1 - Bw2 - Bw3,P,-13:48:51,-52:27:35,-52.45981189110,-13.81422831730
A moderado,SD22VD/P.9,SEPLAN-MT/CNEC,,,,,argilosa sem cascalho / argilosa sem cascalho,,,,,,,A 180 km de ?ügua Boa para Canarana,"Meia encosta, com 2% de declividade",Siltito e arc??sio.Forma?º?úo Diamantino.Neoproteroz??ico.,Produto da decomposi?º?úo de: Siltito e arc??sio.Forma?º?úo Diamantino.Neoproteroz??ico.,,,plano,plano suave ondulado,,bem drenado,Savana Parque com Floresta-de-Galerias,,Ap - AB - Bw1 - Bw2 - Bw3,P,-13:58:49,-52:08:08,-52.13560626860,-13.98051833720
A moderado,SD22VD/E.13,SEPLAN-MT/CNEC,,,,,argilosa sem cascalho / argilosa cascalhenta,,,,,,,"A 54.0 km de Canarana e a 37.0 km do Rio Sete de Setermbro, na dire?º?úo Sul.","?ürea plana, com 0 a 3% de declividade",Siltito e arc??sio.Forma?º?úo Diamantino.Neoproteroz??ico.,Produto da decomposi?º?úo de: Siltito e arc??sio.Forma?º?úo Diamantino.Neoproteroz??ico.,,,plano,plano suave ondulado,,bem drenado,Savana Parque com Floresta-de-Galerias,,Ap - Bw,E,-13:50:40,-52:27:19,-52.45553561550,-13.84447154870
A moderado,SD22VD/E.16,MME-SG/Projeto RADAMBRASIL,LATOSSOLO,VERMELHO,?ücrico,t?¡pico,m??dia sem cascalho / argilosa cascalhenta,,,,,,,,,Siltito e arc??sio.Forma?º?úo Diamantino.Neoproteroz??ico.,Produto da decomposi?º?úo de: Siltito e arc??sio.Forma?º?úo Diamantino.Neoproteroz??ico.,,,,,,,Savana Parque com Floresta-de-Galerias,,A - AB - Bw1 - Bw2 - Bw3,E,-13:58:13,-52:25:17,-52.42155212490,-13.97030465920
A moderado,SD22YC/E.8,SEPLAN-MT/CNEC,,,,,arenosa sem cascalho / arenosa sem cascalho,,,,,,,A 220 km de Vila Pared?úo Grande para Barra do Gar?ºas e a 220 km ?á direita para Vila Toricueije,"Tradagem em ?írea plana, com 0 a 2% de declividade","Arenito, diamictito, siltito e folhelho.Forma?º?úo Aquidauana. Carbon?¡fero. Permiano.","Produto da decomposi?º?úo de: Arenito, diamictito, siltito e folhelho. Carbon?¡fero. Permiano.",,,plano,plano suave ondulado,,excessivamente drenado,Savana Arborizada com Floresta-de-Galerias,,Ap - C,E,-15:27:21,-53:09:39,-53.16103692020,-15.45588912740
A moderado,SD22XA/E.5,MME-SG/Projeto RADAMBRASIL,PLANOSSOLO,H?üPLICO,Distr??fico,pl?¡ntico,m??dia sem cascalho / argilosa sem cascalho,,,,,,,,,Sedimentos argilo-arenosos. Forma?º?úo Bananal.Quatern?írio. Pleistoceno.,Sedimentos.,,,,,,,,,A - Bt1 - Bt2 - 2Bt3 - 2Btf,E,-12:20:45,-50:03:29,-50.05821168730,-12.34606037470
A moderado,SD22XA/E.2,MME-SG/Projeto RADAMBRASIL,PLINTOSSOLO,ARGIL?ÜVICO,Distr??fico,abr??ptico,m??dia sem cascalho / m??dia cascalhenta,,,,,,,Lat. 13??22' S e 50??41' WGr.,,Sedimentos argilo-arenosos. Forma?º?úo Bananal.Quatern?írio. Pleistoceno.,Sedimentos.,,,,,,,,,A - Btf1 - Btf2 - Btf3,E,-12:06:39,-49:48:04,-49.80112560080,-12.11096679360
A moderado,SD22XA/E.1,MME-SG/Projeto RADAMBRASIL,PLINTOSSOLO,H?üPLICO,Eutr??fico,t?¡pico,m??dia sem cascalho / argilosa sem cascalho,,,,,,,,,Sedimentos argilo-arenosos. Forma?º?úo Bananal.Quatern?írio. Pleistoceno.,Sedimentos.,,,,,,,,,A - AB - BAf - Btf1 - Btf2,E,-12:03:52,-49:54:24,-49.90691208740,-12.06465227220
A moderado,SD22XC/E.2,MME-SG/Projeto RADAMBRASIL,CAMBISSOLO,H?üPLICO,Tb Distr??fico,petropl?¡ntico,m??dia sem cascalho / m??dia sem cascalho,,,,,,,,,Areia e argila; Terra?ºos Holoc?¬nicos;Quatern?írio; Holoceno;,Sedimentos.,,,,,,,,,A - AB - Bi1 - Bi2 - Bi3,E,-13:22:22,-50:41:11,-50.68665408730,-13.37282992100
A moderado,SD22XC/P.1,MME-SG/Projeto RADAMBRASIL,PLINTOSSOLO,ARGIL?ÜVICO,Distr??fico,petropl?¡ntico,m??dia sem cascalho / m??dia cascalhenta,,,,,,,"Estrada Fazenda Catetinho - Fazenda Pinheiral, distando 13.0 km da primeira. Lat. 13??12' S e Long. 50??47' WGr.","?ürea plana de v?írzea, com 0 a 2% de declividade",Sedimentos argilo-arenosos. Forma?º?úo Bananal.Quatern?írio. Pleistoceno.,Sedimentos.,,,plano,plano,,imperfeitamente drenado,Savana Parque sem Floresta-de-Galerias,,A - AB - Btf - Btfc1 - Btfc2,P,-13:12:49,-50:47:07,-50.78544060990,-13.21366851440
A moderado,SD22XC/P.2,MME-SG/Projeto RADAMBRASIL,PLINTOSSOLO,ARGIL?ÜVICO,Distr??fico,t?¡pico,m??dia sem cascalho / argilosa sem cascalho,,,,,,,"Estrada Fazenda Pinheiral - Rio Araguaia, distando 10.0 km da Fazenda. Lat. 13??13' S e Long. 50??41' WGr.","?ürea plana de v?írzea, com 0 a 2% de declividade",Sedimentos argilo-arenosos. Forma?º?úo Bananal.Quatern?írio. Pleistoceno.,Sedimentos.,,,plano,plano,,imperfeitamente drenado,Savana Parque sem Floresta-de-Galerias,,A - AB - Btf1 - Btf2 - Bf,P,-13:13:55,-50:41:50,-50.69731335120,-13.23220155250
A moderado,SD22XC/E.1,SEPLAN-MT/CNEC,,,,,argilosa sem cascalho / argilosa sem cascalho,,,,,,,"V?írzea do Rio Araguaia, pr??ximo a Luis Alves. Lat. 13??13' S e Long. 50??35' WGr.","?ürea plana de v?írzea, com 0 a 2% de declividade","Conglomerados, areia e pelitos inconsolidados.Aluvi?úo. Holoceno.",Sedimentos.,,,plano,plano,,mal drenado,,,A - Bf,E,-13:13:12,-50:35:47,-50.59657401480,-13.22027378750
A moderado,SD22ZA/E.1,MME-SG/Projeto RADAMBRASIL,LATOSSOLO,VERMELHO-AMARELO,Distr??fico,t?¡pico,m??dia sem cascalho / m??dia sem cascalho,,,,,,,Margem esquerda do rio Araguaia. Munic?¡pio de Barra do Gar?ºas. Estado do Mato Grosso. Lat. 14??16' S e Long. 50??59' WGr.,Local plano com 1% de declividade.,"Sedimentos argilo-arenosos amarelados, caolin?¡ticos, al??ctones e aut??ctones. Cobertura Detrito-Later?¡tica Neopleistoc?¬nica. Quatern?írio Pleistoc?¬nico.",Sedimentos.,,,plano,plano,ligeira,acentuadamente drenado,Savana / Florestada.,,A - AB - BA - Bw1 - Bw2 - Bw3,E,-14:16:32,-50:59:11,-50.98651694400,-14.27567324660
A moderado,SD22XB/E.3,MME-SG/Projeto RADAMBRASIL,GLEISSOLO,H?üPLICO,Tb Distr??fico,petropl?¡ntico,m??dia sem cascalho / m??dia sem cascalho,,,,,,,,,"Conglomerados, areia e pelitos inconsolidados.Aluvi?úo. Holoceno.",Sedimentos.,,,,,,,,,A - AC - 2Cg - 2Cgc1 - 2Cgc2,E,-12:10:10,-48:28:38,-48.47746978760,-12.16957188160
A moderado,SD22XB/E.1,MME-SG/Projeto RADAMBRASIL,PLINTOSSOLO,P?ëTRICO,Concrecion?írio,t?¡pico,m??dia sem cascalho / m??dia muito cascalhenta,,,,,,,,,Metasedimentos ?ícidos e b?ísicos. Complexo Rio dos Mangues.Paleoproteroz??ico.,Sedimentos.,,,,,,,Savana Arborizada com Floresta-de-Galerias,,Ac - BAc - Btc,E,-12:03:56,-49:23:36,-49.39346525960,-12.06571416800
A moderado,SD22XB/P.1,MME-SG/Projeto RADAMBRASIL,ARGISSOLO,AMARELO,Distr??fico,t?¡pico,m??dia cascalhenta / m??dia pouco cascalhenta,,,,,,,"Estrada Figueir??polis - Fazenda Tamburil do Araguaia, distando 31.0 km de Figueir??polis.","Ter?ºo superior de encosta, com 6% de declividade",Metasedimentos ?ícidos e b?ísicos. Complexo Rio dos Mangues.Paleoproteroz??ico.,Sedimentos.,,,suave ondulado,suave ondulado ondulado,,bem drenado,Savana Arborizada com Floresta-de-Galerias,,A - Bt1 - Bt2 - C,P,-12:08:01,-49:25:30,-49.42501502650,-12.13376376290
A proeminente,SD22XB/E.5,MME-SG/Projeto RADAMBRASIL,ARGISSOLO,AMARELO,Distr??fico,,m??dia cascalhenta / argilosa sem cascalho,,,,,,,,,Metasedimentos ?ícidos e b?ísicos. Complexo Rio dos Mangues.Paleoproteroz??ico.,Sedimentos.,,,,,,,Savana Parque com Floresta-de-Galerias,,A - Bt1 - Bt2 - Bt3,E,-12:14:17,-49:24:55,-49.41542619800,-12.23809873050
A moderado,SD22XB/E.2,MME-SG/Projeto RADAMBRASIL,LATOSSOLO,VERMELHO-AMARELO,Distr??fico,t?¡pico,argilosa sem cascalho / argilosa sem cascalho,,,,,,,,,"Sedimentos argilo-arenosos amarelados, caolin?¡ticos, al??ctones e aut??ctones. Cobertura Detrito-Later?¡tica Neopleistoc?¬nica. Quatern?írio Pleistoc?¬nico.",Sedimentos.,,,,,,,Savana Arborizada com Floresta-de-Galerias,,A - AB - Bw1 - Bw2 - Bw3,E,-12:07:39,-49:08:22,-49.13949598140,-12.12763153880
A moderado,SD22XB/E.4,MME-SG/Projeto RADAMBRASIL,LATOSSOLO,VERMELHO-AMARELO,Distr??fico,t?¡pico,m??dia sem cascalho / argilosa sem cascalho,,,,,,,,,"Sedimentos argilo-arenosos amarelados, caolin?¡ticos, al??ctones e aut??ctones. Cobertura Detrito-Later?¡tica Neopleistoc?¬nica. Quatern?írio Pleistoc?¬nico.",Sedimentos.,,,,,,,Savana,,A - AB - BA - Bw - Bwt,E,-12:12:15,-48:55:38,-48.92729999200,-12.20423071450
A moderado,SD22XB/E.6,MME-SG/Projeto RADAMBRASIL,LATOSSOLO,VERMELHO-AMARELO,Distr??fico,t?¡pico,argilosa sem cascalho / argilosa sem cascalho,,,,,,,,,Metasedimentos ?ícidos e b?ísicos. Complexo Rio dos Mangues.Paleoproteroz??ico.,Sedimentos.,,,,,,,Savana Arborizada com Floresta-de-Galerias,,A - AB - BA - Bw1 - Bw2,E,-12:33:17,-49:17:30,-49.29193891300,-12.55474191760
A moderado,SD22XB/E.8,MME-SG/Projeto RADAMBRASIL,LATOSSOLO,AMARELO,Distr??fico,petropl?¡ntico,m??dia sem cascalho / m??dia cascalhenta,,,,,,,,,"Sedimentos argilo-arenosos amarelados, caolin?¡ticos, al??ctones e aut??ctones. Cobertura Detrito-Later?¡tica Neopleistoc?¬nica. Quatern?írio Pleistoc?¬nico.",Sedimentos.,,,,,,,,,A - AB - BA - Bw1 - Bwc - Bw2,E,-12:40:47,-49:03:44,-49.06229920890,-12.67982275590
A moderado,SD22XB/P.3,MME-SG/Projeto RADAMBRASIL,LATOSSOLO,VERMELHO,Distr??fico,petropl?¡ntico,m??dia sem cascalho / argilosa cascalhenta,,,,,,,"Estrada Alvorada - Peixe, distando 36.0 km da primeira.","?ürea plana, com 0 a 2% de declividade","Sedimentos argilo-arenosos amarelados, caolin?¡ticos, al??ctones e aut??ctones. Cobertura Detrito-Later?¡tica Neopleistoc?¬nica. Quatern?írio Pleistoc?¬nico.",Sedimentos.,,,plano,plano suave ondulado,,moderadamente drenado,Savana Arborizada com Floresta-de-Galerias,,A - AB - Bw1 - Bw2 - Bwc,P,-12:24:39,-48:50:33,-48.84251029650,-12.41083829860
A chernoz?¬mico,SD22XB/E.9,MME-SG/Projeto RADAMBRASIL,ARGISSOLO,VERMELHO-AMARELO,Eutr??fico,t?¡pico,m??dia sem cascalho / argilosa sem cascalho,,,,,,,,,"Muscovita, quartizito, xistos e m?írmore. Grupo Serra da Mesa.","Produto da decomposi?º?úo de: Muscovita, quartizito, xistos e m?írmore.",,,,,,,Savana Arborizada com Floresta-de-Galerias,,A - AB - Bt1 - Bt2 - Bt3,E,-12:42:15,-48:40:32,-48.67571024190,-12.70425100510
A moderado,SD22XB/P.4,MME-SG/Projeto RADAMBRASIL,CAMBISSOLO,H?üPLICO,Tb Distr??fico,t?¡pico,m??dia muito cascalhenta / m??dia cascalhenta,,,,,,,"Estrada Palmeir??lis - Paran?ú, distando 10.0 km da primeira.","Ter?ºo m??dio de encosta, com 15% de declividade","Muscovita, quartizito, xistos e m?írmore. Grupo Serra da Mesa.","Produto da decomposi?º?úo de: Muscovita, quartizito, xistos e m?írmore.",muito pedregosa,,ondulado,ondulado forte ondulado,,moderadamente drenado,Savana Arborizada com Floresta-de-Galerias,,A - AB - Bi1 - Bi2 - C,P,-12:56:22,-48:23:48,-48.39689677850,-12.93967418580
A moderado,SD22XB/E.12,IBGE,,,,,m??dia sem cascalho / argilosa sem cascalho,,,,,,,"Lado esquerdo da Estrada S?úo Salvador - Palmeir??polis, distando 24.0 km da primeira.",,"Muscovita, quartizito, xistos e m?írmore. Grupo Serra da Mesa.","Produto da decomposi?º?úo de: Muscovita, quartizito, xistos e m?írmore.",,,,,,bem drenado,Savana Arborizada com Floresta-de-Galerias,,A - Bw,E,-12:53:55,-48:23:00,-48.38342210490,-12.89883154320
A moderado,SD22XB/E.11,IBGE,,,,,argilosa sem cascalho / argilosa sem cascalho,,,,,,,"Estrada S?úo Salvador - Palmeir??polis, distando 13.0 km da primeira.",,"Muscovita, quartizito, xistos e m?írmore. Grupo Serra da Mesa.","Produto da decomposi?º?úo de: Muscovita, quartizito, xistos e m?írmore. Grupo Serra da Mesa.",,,plano,plano suave ondulado,,bem drenado,Savana Arborizada com Floresta-de-Galerias,,A - Bw,E,-12:48:04,-48:19:55,-48.33209222210,-12.80120467770
A moderado,SD22XB/E.10,MME-SG/Projeto RADAMBRASIL,LATOSSOLO,VERMELHO-AMARELO,Distr??fico,t?¡pico,m??dia sem cascalho / m??dia sem cascalho,,,,,,,,,"Muscovita, quartizito, xistos e m?írmore. Grupo Serra da Mesa.","Produto da decomposi?º?úo de: Muscovita, quartizito, xistos e m?írmore. Grupo Serra da Mesa.",,,,,,,Savana Arborizada com Floresta-de-Galerias,,A - AB - BA - Bw1 - Bw2,E,-12:46:55,-48:17:55,-48.29887199430,-12.78217818350
A moderado,SD22XB/E.7,MME-SG/Projeto RADAMBRASIL,ARGISSOLO,AMARELO,Eutr??fico,abr??ptico,m??dia muito cascalhenta / argilosa pouco cascalhenta,,,,,,,,,"Muscovita, quartizito, xistos e m?írmore. Grupo Serra da Mesa.","Produto da decomposi?º?úo de: Muscovita, quartizito, xistos e m?írmore. Grupo Serra da Mesa.",,,,,,,Savana Arborizada com Floresta-de-Galerias,,A - AB - Bt1 - Bt2 - Bt3,E,-12:38:14,-48:08:58,-48.14952835680,-12.63740342320
A moderado,SD22XB/P.2,MME-SG/Projeto RADAMBRASIL,PLINTOSSOLO,P?ëTRICO,Concrecion?írio,t?¡pico,m??dia muito cascalhenta / argilosa cascalhenta,,,,,,,"Estrada Peixe-Goi?ís, distando 20.0 km do Rio Tocantins.","Ter?ºo m??dio de encosta, com 8% de declividade","Gna?¡sses, migmatitos, anatecitos e granodioritos. Complexo Goiano.","Produto da decomposi?º?úo de: Gna?¡sses, migmatitos, anatecitos e granodioritos.",,,ondulado,suave ondulado suave ondulado,,moderadamente drenado,Savana Arborizada com Floresta-de-Galerias,,Ac - ABc - Btc1 - Btc2,P,-12:21:52,-48:03:36,-48.06020308760,-12.36455686740
A moderado,SD22YB/E.2,SEPLAN-MT/CNEC,,,,,argilosa sem cascalho / argilosa sem cascalho,,,,,,,"Estrada  ?ügua Boa  - Canarana, distando 3.0 km da primeira e a  26.0 km do entroncamento para  Vila Jaragu?í.","Tradagem em ?írea plana, com 0 a 2% de declividade",Siltito e arc??sio.Forma?º?úo Diamantino.Neoproteroz??ico.,Produto da decomposi?º?úo de: Siltito e arc??sio.Forma?º?úo Diamantino.Neoproteroz??ico.,,,plano,plano suave ondulado,,acentuadamente drenado,Savana Arborizada com Floresta-de-Galerias,,Ap - Bw,E,-14:02:57,-52:23:17,-52.38817503360,-14.04920294870
A moderado,SD22YB/E.5,SEPLAN-MT/CNEC,CAMBISSOLO,H?üPLICO,Tb Distrof??rrico,t?¡pico,m??dia sem cascalho / m??dia sem cascalho,,,,,,,,,Siltito e arc??sio.Forma?º?úo Diamantino.Neoproteroz??ico.,Produto da decomposi?º?úo de: Siltito e arc??sio.Forma?º?úo Diamantino.Neoproteroz??ico.,,,,,,,Savana Parque com Floresta-de-Galerias,,A - AB - Bi1 - Bi2 - Bi3,E,-14:12:34,-52:29:05,-52.48492014260,-14.20948091020
A moderado,SD22YB/E.9,MME-SG/Projeto RADAMBRASIL,CAMBISSOLO,H?üPLICO,Tb Distr??fico,t?¡pico,m??dia sem cascalho / m??dia sem cascalho,,,,,,,,,"Metaconglomerado, metarenito, quartzito, metarc??seo, metassiltito, filito, calc?írio. Grupo Cuiab?í. Neoproteroz??ico.","Produto da decomposi?º?úo de: Metaconglomerado, metarenito, quartzito, metarc??seo, metassiltito, filito, calc?írio. Neoproteroz??ico.",,,,,,,Savana Arborizada com Floresta-de-Galerias,,A - AB - Bi1 - Bi2 - Bi3,E,-14:31:13,-52:17:18,-52.28850068320,-14.52051955930
A moderado,SD22YB/P.5,SEPLAN-MT/CNEC,,,,,argilosa sem cascalho / argilosa sem cascalho,,,,,,,A 6.0 km de Nova Xavantina para ?ügua Boa.,"Corte de estrada em ?írea plana, com 0 a 2% de declividade","Sedimentos argilo-arenosos amarelados, caolin?¡ticos, al??ctones e aut??ctones. Cobertura Detrito-Later?¡tica Neopleistoc?¬nica. Quatern?írio Pleistoc?¬nico.",Sedimentos.,,,plano,plano suave ondulado,,acentuadamente drenado,Savana Arborizada com Floresta-de-Galerias,,A - AB - BA - Bw,P,-14:35:58,-52:21:32,-52.35904079590,-14.59970736930
A moderado,SD22YB/E.12,MME-SG/Projeto RADAMBRASIL,ARGISSOLO,AMARELO,Distr??fico,latoss??lico,arenosa sem cascalho / m??dia sem cascalho,,,,,,,,,"Sedimentos argilo-arenosos amarelados, caolin?¡ticos, al??ctones e aut??ctones. Cobertura Detrito-Later?¡tica Neopleistoc?¬nica. Quatern?írio Pleistoc?¬nico.",Sedimentos.,,,,,,,Savana Arborizada com Floresta-de-Galerias,,A - AB - Bt1 - Bt2 - Bt3,E,-14:40:46,-52:21:51,-52.36420370130,-14.67959519810
A moderado,SD22YB/E.10,SEPLAN-MT/CNEC,,,,,m??dia sem cascalho / m??dia sem cascalho,,,,,,,"Estrada Nova Xavantina - Barra do Gar?ºas, distando 29.0 km da primeira e a 55.0 km ?á esquerda da estrada.","Tradagem em ?írea plana, com 0 a 2% de declividade","Sedimentos argilo-arenosos amarelados, caolin?¡ticos, al??ctones e aut??ctones. Cobertura Detrito-Later?¡tica Neopleistoc?¬nica. Quatern?írio Pleistoc?¬nico.",Sedimentos.,,,plano,plano suave ondulado,,fortemente drenado,Floresta Estacional Semidecidual Submontana,,A - Bw,E,-14:40:51,-51:53:38,-51.89399769710,-14.68101639250
A moderado,SD22YB/E.15,MME-SG/Projeto RADAMBRASIL,LATOSSOLO,VERMELHO-AMARELO,Distr??fico,t?¡pico,m??dia sem cascalho / m??dia sem cascalho,,,,,,,,,"Sedimentos argilo-arenosos amarelados, caolin?¡ticos, al??ctones e aut??ctones. Cobertura Detrito-Later?¡tica Neopleistoc?¬nica. Quatern?írio Pleistoc?¬nico.",Sedimentos.,,,,,,,Floresta Estacional Semidecidual Submontana,,A - AB - Bw1 - Bw2 - Bw3,E,-14:55:43,-52:09:44,-52.16246159420,-14.92876644280
A moderado,SD22YB/P.6,MME-SG/Projeto RADAMBRASIL,LATOSSOLO,AMARELO,Distr??fico,t?¡pico,m??dia sem cascalho / m??dia sem cascalho,,,,,,,"Estrada Barra do Gar?ºas -Nova Xavantina (rodovia BR-158), a 35.0 km de Nova Xavantina, ?á direita 8.0 km da rodovia.","?ürea plana, com 0 a 2% de declividade","Sedimentos argilo-arenosos amarelados, caolin?¡ticos, al??ctones e aut??ctones. Cobertura Detrito-Later?¡tica Neopleistoc?¬nica. Quatern?írio Pleistoc?¬nico.",Sedimentos.,,,plano,plano,,bem drenado,Floresta Estacional Semidecidual,,A - AB - BA - Bw1 - Bw2 - Bw3,P,-14:57:15,-52:11:30,-52.19171753920,-14.95426042780
A moderado,SD22YB/P.1,SEPLAN-MT/CNEC,,,,,arenosa sem cascalho / m??dia sem cascalho,,,,,,,"A 340 km do Rio Borecaia, para Cocalinho","Corte de caixa de empr??stimo, com 0 a 2% de declividade",,,,,plano,plano,,imperfeitamente drenado,Savana Arborizada com Floresta-de-Galerias,,A - E - Bt - Btf1 - Btf2,P,-14:00:45,-51:46:07,-51.76869838280,-14.01272621330
A moderado,SD22YB/P.2,SEPLAN-MT/CNEC,,,,,m??dia sem cascalho / m??dia sem cascalho,,,,,,,A 330 km do Rio das Mortes para Cocalinho,"Corte de ?írea de empr??stimo, com 0 a 2% de declividade",Sedimentos argilo-arenosos. Forma?º?úo Bananal.Quatern?írio. Pleistoceno.,Sedimentos.,,,plano,plano,,mal drenado,Savana Arborizada com Floresta-de-Galerias,,A - E - Btf1 - Btf2,P,-14:08:27,-51:28:32,-51.47572031600,-14.14086358600
A moderado,SD22YB/E.4,SEPLAN-MT/CNEC,,,,,m??dia sem cascalho / m??dia sem cascalho,,,,,,,A 87.0 km de Cocalinho para ?ügua Boa.,"Tradagem em ?írea plana, com 0 a 2% de declividade","Metaconglomerado, metarenito, quartzito, metarc??seo, metassiltito, filito, calc?írio. Grupo Cuiab?í. Neoproteroz??ico.","Produto da decomposi?º?úo de: Metaconglomerado, metarenito, quartzito, metarc??seo, metassiltito, filito, calc?írio. Neoproteroz??ico.",,,plano,plano,,imperfeitamente drenado,Savana Parque com Floresta-de-Galerias,,Ap - Bf,E,-14:06:54,-51:39:13,-51.65379587970,-14.11509339380
A moderado,SD22YB/P.4,SEPLAN-MT/CNEC,,,,,m??dia sem cascalho / argilosa sem cascalho,,,,,,,A 340 km de Cocalinho para ?Çgua Boa,"Tradagem em ?írea plana, com 0 a 2% de declividade",Sedimentos argilo-arenosos. Forma?º?úo Bananal.Quatern?írio. Pleistoceno.,Sedimentos.,,,plano,plano,,imperfeitamente drenado,Savana Parque com Floresta-de-Galerias,,A - AB - BA - Bf1 - Bf2 - Btf,P,-14:11:44,-51:12:21,-51.20588586030,-14.19580103530
A moderado,SD22YB/P.3,MME-SG/Projeto RADAMBRASIL,PLINTOSSOLO,ARGIL?ÜVICO,Distr??fico,t?¡pico,arenosa sem cascalho / m??dia sem cascalho,,,,,,,"Estrada Cocalinho Rio das Mortes, distando 51.0 km da primeira.","?ürea plana, com 0 a 2% de declividade",Sedimentos argilo-arenosos. Forma?º?úo Bananal.Quatern?írio. Pleistoceno.,Sedimentos.,,,plano,plano,,imperfeitamente drenado,Savana Parque com Floresta-de-Galerias,,A - AB - BA - Btf1 - Btf2 - Btf3,P,-14:10:56,-51:21:17,-51.35489904070,-14.18240483730
A moderado,SD22YB/E.6,SEPLAN-MT/CNEC,,,,,arenosa sem cascalho / muito argilosa sem cascalho,,,,,,,A 130 km de Cocalinho para ?ügua Boa,"Tradagem em ?írea plana, com 0 a 2% de declividade",Sedimentos argilo-arenosos. Forma?º?úo Bananal.Quatern?írio. Pleistoceno.,Sedimentos.,,,plano,plano,,imperfeitamente drenado,Savana Arborizada com Floresta-de-Galerias,,A - Bf,E,-14:19:44,-51:06:07,-51.10204960370,-14.32890189650
A moderado,SD22YB/E.8,SEPLAN-MT/CNEC,,,,,m??dia sem cascalho / m??dia sem cascalho,,,,,,,A 8.0 km de Cocalinho para ?ügua Boa.,"?ürea plana, com 0 a 2% de declividade",,,,,plano,plano suave ondulado,,acentuadamente drenado,Savana Arborizada com Floresta-de-Galerias,,Bw,E,-14:23:00,-51:01:01,-51.01708024580,-14.38345917890
A moderado,SD22YB/E.7,SEPLAN-MT/CNEC,,,,,argilosa sem cascalho / argilosa muito cascalhenta,,,,,,,"Estrada Cocalinho - ?ügua  Boa, a 2.0 km ap??s o trevo para Itacaiu.","Tradagem em ?írea plana, com 0 a 2% de declividade","Sedimentos argilo-arenosos amarelados, caolin?¡ticos, al??ctones e aut??ctones. Cobertura Detrito-Later?¡tica Neopleistoc?¬nica. Quatern?írio Pleistoc?¬nico.",Sedimentos.,,,plano,plano suave ondulado,,bem drenado,Savana Arborizada com Floresta-de-Galerias,,Ap - Bcf,E,-14:24:21,-51:02:52,-51.04783742290,-14.40610415490
A moderado,SD22YB/E.11,SEPLAN-MT/CNEC,,,,,argilosa sem cascalho / argilosa sem cascalho,,,,,,,"Estrada Itacaiu - Cocalinho, distando 42.0 km do Rio Itacaiu.","Tradagem em ?írea plana, com 0 a 2% de declividade","Sedimentos argilo-arenosos amarelados, caolin?¡ticos, al??ctones e aut??ctones. Cobertura Detrito-Later?¡tica Neopleistoc?¬nica. Quatern?írio Pleistoc?¬nico.",Sedimentos.,,,plano,plano suave ondulado,,acentuadamente drenado,Savana Arborizada com Floresta-de-Galerias,,A - Bw,E,-14:42:25,-51:13:36,-51.22666899530,-14.70700149310
A moderado,SD22YB/E.13,SEPLAN-MT/CNEC,,,,,argilosa sem cascalho / m??dia sem cascalho,,,,,,,"Estrada Itacaiu - Cocalinho, a 17.0 km do Rio Itacaiu e a 20.0 km ?á direita em dire?º?úo ao Rio Araguaia.","Tradagem em ?írea plana, com 0 a 1% de declividade","Conglomerados, areia e pelitos inconsolidados.Aluvi?úo. Holoceno.",Sedimentos.,,,plano,plano,,mal drenado,Forma?º??es Pioneiras com influ?¬ncia fluvial e/ou lacustre herb?ícea sem palmeiras,,A - Cg,E,-14:53:15,-51:06:12,-51.10345974440,-14.88770242960
A moderado,SD22YB/E.14,SEPLAN-MT/CNEC,,,,,argilosa sem cascalho / argilosa sem cascalho,,,,,,,"Estrada Itacaiu - Cocalinho, a 10.0 km da  ponte do Rio Itacaiu.","Tradagem em ?írea plana, com 0 a 2% de declividade","Gna?¡sses, migmatitos, anatecitos e granodioritos. Complexo Goiano.","Produto da decomposi?º?úo de: Gna?¡sses, migmatitos, anatecitos e granodioritos.",,,plano,plano suave ondulado,,acentuadamente drenado,Savana Arborizada com Floresta-de-Galerias,,Ap - Bw,E,-14:57:00,-51:16:45,-51.27928877180,-14.95026592470
A moderado,SD22YC/P.1,SEPLAN-MT/CNEC,,,,,arenosa sem cascalho / arenosa sem cascalho,,,,,,,A 61.0 km da Vila Santo Ant??nio para Nova Joaquim.,"Tradagem em ?írea plana, com 0 a 2% de declividade","Arenito, diamictito, siltito e folhelho.Forma?º?úo Aquidauana. Carbon?¡fero. Permiano.","Produto da decomposi?º?úo de: Arenito, diamictito, siltito e folhelho. Carbon?¡fero. Permiano.",,,plano,plano suave ondulado,,excessivamente drenado,Savana Arborizada com Floresta-de-Galerias,,A - AC - C1 - C2,P,-15:00:32,-53:16:21,-53.27272616180,-15.00900084290
A h??mico,SD22YC/E.1,SEPLAN-MT/CNEC,,,,,argilosa sem cascalho / argilosa sem cascalho,,,,,,,"A 30 km da Vila Itaquere para a BR-070, e a 20 km ?á direita","Tradagem em ?írea plana, com 0 a 2% de declividade",Sedimentos areno-argilosos .Holoceno,Sedimentos.,,,plano,plano,,mal drenado,Savana Arborizada com Floresta-de-Galerias,,Ap - Cg,E,-15:02:50,-53:22:43,-53.37881857690,-15.04747924320
A moderado,SD22YC/E.3,SEPLAN-MT/CNEC,,,,,argilosa sem cascalho / argilosa sem cascalho,,,,,,,"Estrada Barra do Gar?ºas - Primavera do Leste, a 44.0 km da Vila Pared?úo Grande e a 84.0 km ?á direita para Vila Itaqueri.","Tradagem em ter?ºo m??dio de encosta, com 3% de declividade",Laterito e areia. Cobertura Detrito-Later?¡tica Neog?¬nica. Terci?írio Neogeno.,Produto da decomposi?º?úo de: Laterito e areia. Cobertura Detrito-Later?¡tica Neog?¬nica. Terci?írio Neogeno.,,,plano,plano suave ondulado,,acentuadamente drenado,Savana Arborizada com Floresta-de-Galerias,,A - Bw,E,-15:07:52,-53:29:35,-53.49311179230,-15.13128105290
A moderado,SD22YC/E.2,SEPLAN-MT/CNEC,,,,,argilosa sem cascalho / argilosa sem cascalho,,,,,,,"A 140 km de Turicueije para S?úo Joaquim, e a 150 km ?á direita da estrada","Tradagem em ter?ºo m??dio de encosta, com 3% de declividade","Arenito, siltito e folhelho. Forma?º?úo Ponta Grossa . Devoniano","Produto da decomposi?º?úo de: Arenito, siltito e folhelho. Devoniano",,,suave ondulado,suave ondulado,,acentuadamente drenado,Savana Arborizada com Floresta-de-Galerias,,Ap - Bw,E,-15:06:22,-52:53:38,-52.89403881580,-15.10615078340
A moderado,SD22YC/E.15,SEPLAN-MT/CNEC,,,,,arenosa sem cascalho / arenosa sem cascalho,,,,,,,A 4.0 km de General Carneiro para Vila Pared?úo Grande (BR-070).,"?ürea plana, com 0 a 2% de declividade","Arenito, diamictito, siltito e folhelho.Forma?º?úo Aquidauana. Carbon?¡fero. Permiano.","Produto da decomposi?º?úo de: Arenito, diamictito, siltito e folhelho. Carbon?¡fero. Permiano.",,,plano,suave ondulado,,excessivamente drenado,Savana Arborizada com Floresta-de-Galerias,,Ap - C,E,-15:41:08,-52:48:16,-52.80460797550,-15.68573875350
A moderado,SD22YC/E.12,MME-SG/Projeto RADAMBRASIL,,,,,m??dia cascalhenta / m??dia muito cascalhenta,,,,,,,,,"Arenito, siltito e folhelho. Forma?º?úo Ponta Grossa . Devoniano","Produto da decomposi?º?úo de: Arenito, siltito e folhelho. Devoniano",,,,,,,Contato Savana/Floresta Estacional Semidecidual Submontana Dossel emergente - encrave e Savana Arborizada com Floresta-de-Galerias com Pecu?íria,,A - Bt,E,-15:33:35,-52:32:51,-52.54764977620,-15.55990209720
A moderado,SD22YC/E.14,SEPLAN-MT/CNEC,,,,,arenosa sem cascalho / arenosa sem cascalho,,,,,,,"Estrada de Barra do Gar?ºas - General Carneiro, distando 32.0 km da primeira.","Tradagem em ?írea plana, com 0 a 2% de declividade","Arenito, diamictito, siltito e folhelho.Forma?º?úo Aquidauana. Carbon?¡fero. Permiano.","Produto da decomposi?º?úo de: Arenito, diamictito, siltito e folhelho. Carbon?¡fero. Permiano.",,,plano,plano suave ondulado,,excessivamente drenado,Savana Arborizada com Floresta-de-Galerias,,Ap - C,E,-15:46:36,-52:33:18,-52.55510157680,-15.77672469940
A moderado,SD22YC/E.16,SEPLAN-MT/CNEC,,,,,m??dia sem cascalho / m??dia sem cascalho,,,,,,,A 6.0 km de General Carneiro para Barra do Gar?ºas.,"Tradagem em ?írea plana, com 0 a 2% de declividade","Areia grossa, feldspato, caulinita; Forma?º?úo Furnas; Siluro-Devoniano;","Produto da decomposi?º?úo de: Areia grossa, feldspato, caulinita; Siluro-Devoniano;",,,suave ondulado,plano suave ondulado,,acentuadamente drenado,Savana Arborizada sem Floresta-de-Galerias,,Ap - Bw,E,-15:41:30,-52:41:32,-52.69243517690,-15.69169401530
A moderado,SD22YC/E.9,SEPLAN-MT/CNEC,,,,,arenosa sem cascalho / arenosa sem cascalho,,,,,,,A 180 km de General Carneiro para Vila Pared?úo Grande (Rodovia BR-070),"?ürea plana, com 0 a 3% de declividade","Arenito, diamictito, siltito e folhelho.Forma?º?úo Aquidauana. Carbon?¡fero. Permiano.","Produto da decomposi?º?úo de: Arenito, diamictito, siltito e folhelho. Carbon?¡fero. Permiano.",,,suave ondulado,suave ondulado,,excessivamente drenado,Savana Arborizada com Floresta-de-Galerias,,A - C,E,-15:34:16,-52:58:52,-52.98114747740,-15.57114318270
A moderado,SD22YC/P.2,MME-SG/Projeto RADAMBRASIL,NEOSSOLO,QUARTZAR?èNICO,?ôrtico,t?¡pico,arenosa sem cascalho / arenosa sem cascalho,,,,,,,"Estrada Turicuije - General Carneiro, distando 5.8 km da primeira.","?ürea suave ondulada, com 0 a 3% de declividade","Arenito, diamictito, siltito e folhelho.Forma?º?úo Aquidauana. Carbon?¡fero. Permiano.","Produto da decomposi?º?úo de: Arenito, diamictito, siltito e folhelho. Carbon?¡fero. Permiano.",,,suave ondulado,plano suave ondulado,,excessivamente drenado,Savana Arborizada com Floresta-de-Galerias,,A - C1 - C2 - C3,P,-15:18:09,-53:03:38,-53.06073116670,-15.30277034800
A moderado,SD22YC/E.5,MME-SG/Projeto RADAMBRASIL,LATOSSOLO,VERMELHO,?ücrico,t?¡pico,argilosa sem cascalho / argilosa sem cascalho,,,,,,,,,"Arenito, siltito e folhelho. Forma?º?úo Ponta Grossa . Devoniano","Produto da decomposi?º?úo de: Arenito, siltito e folhelho. Devoniano",,,,,,,Contato Savana/Floresta Estacional Semidecidual Submontana Dossel emergente,,A - AB - BA - Bw1 - Bw2,E,-15:22:06,-52:50:40,-52.84452914270,-15.36857322160
